Species (ASFIS species),Species (Main grouping),Species (Order),Species (Family),Species (ASFIS species),Species (ASFIS species),Aquaculture area (FAO major fishing area),Environment (Environment)
Black prochilodus,PISCES,CHARACIFORMES,CURIMATIDAE,Prochilodus nigricans,1381200130,All,Freshwater
Marble goby,PISCES,GOBIOIDEI,ELEOTRIDAE,Oxyeleotris marmorata,1732005101,All,Freshwater
Nile tilapia,PISCES,PERCOIDEI,CICHLIDAE,Oreochromis niloticus,1705905102,All,Brackishwater
Torpedo-shaped catfishes nei,PISCES,SILURIFORMES,CLARIIDAE,Clarias spp,14118030XX,All,Freshwater
Hoven's carp,PISCES,CYPRINIFORMES,CYPRINIDAE,Leptobarbus hoeveni,1400213201,All,Freshwater
[Hoplias spp],PISCES,CHARACIFORMES,ERYTHRINIDAE,Hoplias spp,13808017XX,All,Freshwater
Sixfinger threadfin,PISCES,PERCOIDEI,POLYNEMIDAE,Polydactylus sexfilis,1707700104,All,Marine
Metapenaeus shrimps nei,CRUSTACEA,NATANTIA,PENAEIDAE,Metapenaeus spp,22801016XX,All,Brackishwater
[Cichla spp],PISCES,PERCOIDEI,CICHLIDAE,Cichla spp,17059054XX,All,Freshwater
Asian redtail catfish,PISCES,SILURIFORMES,BAGRIDAE,Hemibagrus nemurus,1410801505,All,Freshwater
Dorado,PISCES,CHARACIFORMES,CHARACIDAE,Salminus brasiliensis,1380102304,All,Freshwater
Spotted rose snapper,PISCES,PERCOIDEI,LUTJANIDAE,Lutjanus guttatus,1703202729,All,Brackishwater
Black ark,MOLLUSCA,BIVALVIA,ARCIDAE,Anadara tuberculosa,3160407112,All,Marine
Cyprinids nei,PISCES,CYPRINIFORMES,CYPRINIDAE,Cyprinidae,14002XXXXX,All,Brackishwater
"Clams, etc. nei",MOLLUSCA,BIVALVIA,,Bivalvia,316XXXXXXX,All,Marine
Kissing gourami,PISCES,"STROMATEOIDEI, ANABANTOIDEI",HELOSTOMATIDAE,Helostoma temminckii,1761100601,All,Freshwater
Small scale mud carp,PISCES,CYPRINIFORMES,CYPRINIDAE,Cirrhinus microlepis,1400202505,All,Freshwater
Euro-American crayfishes nei,CRUSTACEA,REPTANTIA,,"Astacidae, Cambaridae",229XXXXXXX031,All,Freshwater
Giant clams nei,MOLLUSCA,BIVALVIA,TRIDACNIDAE,Tridacna spp,31626050XX,All,Marine
Turbot,PISCES,PLEURONECTIFORMES,SCOPHTHALMIDAE,Psetta maxima,1830509201,All,Marine
European eel,PISCES,ANGUILLIFORMES,ANGUILLIDAE,Anguilla anguilla,1430200201,All,Freshwater
Orange-spotted grouper,PISCES,PERCOIDEI,SERRANIDAE,Epinephelus coioides,1700204257,All,Marine
Redbreast tilapia,PISCES,PERCOIDEI,CICHLIDAE,Tilapia rendalli,1705905517,All,Freshwater
Snappers nei,PISCES,PERCOIDEI,LUTJANIDAE,Lutjanus spp,17032027XX,All,Marine
Torpedo-shaped catfishes nei,PISCES,SILURIFORMES,CLARIIDAE,Clarias spp,14118030XX,All,Brackishwater
Banded astyanax,PISCES,CHARACIFORMES,CHARACIDAE,Astyanax fasciatus,1380100901,All,Freshwater
Sea cucumbers nei,INVERTEBRATA AQUATICA,HOLOTHUROIDEA,,Holothuroidea,694XXXXXXX,All,Marine
Blue tilapia,PISCES,PERCOIDEI,CICHLIDAE,Oreochromis aureus,1705905103,All,Brackishwater
Bagrid catfish,PISCES,SILURIFORMES,BAGRIDAE,Chrysichthys nigrodigitatus,1410807802,All,Brackishwater
Pacific fat sleeper,PISCES,GOBIOIDEI,ELEOTRIDAE,Dormitator latifrons,1732000901,All,Freshwater
Solen razor clams nei,MOLLUSCA,BIVALVIA,SOLENIDAE,Solen spp,31616003XX,All,Marine
Caribbean spiny lobster,CRUSTACEA,REPTANTIA,PALINURIDAE,Panulirus argus,2290100108,All,Marine
Barred sorubim,PISCES,SILURIFORMES,PIMELODIDAE,Pseudoplatystoma fasciatum,1412209002,All,Freshwater
Sevan trout,PISCES,SALMONIFORMES,SALMONIDAE,Salmo ischchan,1230100406,All,Freshwater
Mango tilapia,PISCES,PERCOIDEI,CICHLIDAE,Sarotherodon galilaeus,1705905201,All,Freshwater
Common sole,PISCES,PLEURONECTIFORMES,SOLEIDAE,Solea solea,1830300701,All,Marine
[Brycon spp],PISCES,CHARACIFORMES,CHARACIDAE,Brycon spp,13801013XX,All,Freshwater
Striped snakehead,PISCES,OTHER PERCIFORMES,CHANNIDAE,Channa striata,1771900103,All,Freshwater
Isok barb,PISCES,CYPRINIFORMES,CYPRINIDAE,Probarbus jullieni,1400205301,All,Freshwater
[Leporinus spp],PISCES,CHARACIFORMES,ANOSTOMIDAE,Leporinus spp,13804011XX,All,Freshwater
Arctic char,PISCES,SALMONIFORMES,SALMONIDAE,Salvelinus alpinus,1230101005,All,Brackishwater
Arapaima,PISCES,OSTEOGLOSSIFORMES,OSTEOGLOSSIDAE,Arapaima gigas,1280100101,All,Freshwater
[Brycon amazonicus],PISCES,CHARACIFORMES,CHARACIDAE,Brycon amazonicus,1380101305,All,Freshwater
Three spotted tilapia,PISCES,PERCOIDEI,CICHLIDAE,Oreochromis andersonii,1705905110,All,Freshwater
Marine fishes nei,PISCES,PISCES MISCELLANEA,,Osteichthyes,199XXXXXXX010,All,Brackishwater
Mozambique tilapia,PISCES,PERCOIDEI,CICHLIDAE,Oreochromis mossambicus,1705905101,All,Brackishwater
Mud carp,PISCES,CYPRINIFORMES,CYPRINIDAE,Cirrhinus molitorella,1400202502,All,Freshwater
Indian backwater oyster,MOLLUSCA,BIVALVIA,OSTREIDAE,Crassostrea madrasensis,3160700809,All,Marine
Manipur osteobrama,PISCES,CYPRINIFORMES,CYPRINIDAE,Osteobrama belangeri,1400225701,All,Freshwater
Bear paw clam,MOLLUSCA,BIVALVIA,TRIDACNIDAE,Hippopus hippopus,3162605101,All,Marine
White seabream,PISCES,PERCOIDEI,SPARIDAE,Diplodus sargus,1703903303,All,Marine
"Blue-Nile tilapia, hybrid",PISCES,PERCOIDEI,CICHLIDAE,Oreochromis aureus x O. niloticus,17059051XX001,All,Freshwater
Sea trout,PISCES,SALMONIFORMES,SALMONIDAE,Salmo trutta,1230100402,All,Freshwater
Indonesian snakehead,PISCES,OTHER PERCIFORMES,CHANNIDAE,Channa micropeltes,1771900104,All,Freshwater
"Tambacu, hybrid",PISCES,CHARACIFORMES,CHARACIDAE,P. mesopotamicus x C. macropomum,13801XXXXX001,All,Freshwater
Japanese carpet shell,MOLLUSCA,BIVALVIA,VENERIDAE,Ruditapes philippinarum,3161102002,All,Brackishwater
Chilean mussel,MOLLUSCA,BIVALVIA,MYTILIDAE,Mytilus chilensis,3161000103,All,Marine
Prochilods nei,PISCES,CHARACIFORMES,CURIMATIDAE,Prochilodus spp,13812001XX,All,Freshwater
Giant tiger prawn,CRUSTACEA,NATANTIA,PENAEIDAE,Penaeus monodon,2280100112,All,Freshwater
Grooved carpet shell,MOLLUSCA,BIVALVIA,VENERIDAE,Ruditapes decussatus,3161102001,All,Brackishwater
River eels nei,PISCES,ANGUILLIFORMES,ANGUILLIDAE,Anguilla spp,14302002XX,All,Freshwater
European eel,PISCES,ANGUILLIFORMES,ANGUILLIDAE,Anguilla anguilla,1430200201,All,Brackishwater
[Oreochromis tanganicae],PISCES,PERCOIDEI,CICHLIDAE,Oreochromis tanganicae,1705905134,All,Freshwater
African catfish,PISCES,SILURIFORMES,CLARIIDAE,Heterobranchus bidorsalis,1411808701,All,Freshwater
Nilem carp,PISCES,CYPRINIFORMES,CYPRINIDAE,Osteochilus hasselti,1400205101,All,Freshwater
Netted prochilod,PISCES,CHARACIFORMES,CURIMATIDAE,Prochilodus reticulatus,1381200120,All,Freshwater
Sabaki tilapia,PISCES,PERCOIDEI,CICHLIDAE,Oreochromis spilurus,1705905104,All,Brackishwater
Mullets nei,PISCES,MUGILIFORMES,MUGILIDAE,Mugilidae,16501XXXXX,All,Freshwater
European eel,PISCES,ANGUILLIFORMES,ANGUILLIDAE,Anguilla anguilla,1430200201,All,Marine
Catla,PISCES,CYPRINIFORMES,CYPRINIDAE,Catla catla,1400203001,All,Freshwater
Blue tilapia,PISCES,PERCOIDEI,CICHLIDAE,Oreochromis aureus,1705905103,All,Freshwater
Orbicular batfish,PISCES,ACANTHUROIDEI,EPHIPPIDAE,Platax orbicularis,1740520601,All,Marine
Snakeskin gourami,PISCES,"STROMATEOIDEI, ANABANTOIDEI",BELONTIIDAE,Trichogaster pectoralis,1761001302,All,Freshwater
Grooved carpet shell,MOLLUSCA,BIVALVIA,VENERIDAE,Ruditapes decussatus,3161102001,All,Marine
Banana prawn,CRUSTACEA,NATANTIA,PENAEIDAE,Penaeus merguiensis,2280100103,All,Brackishwater
Mozambique tilapia,PISCES,PERCOIDEI,CICHLIDAE,Oreochromis mossambicus,1705905101,All,Freshwater
Kelee shad,PISCES,CLUPEIFORMES,CLUPEIDAE,Hilsa kelee,1210503405,All,Freshwater
Gasar cupped oyster,MOLLUSCA,BIVALVIA,OSTREIDAE,Crassostrea gasar,3160700816,All,Brackishwater
[Prochilodus mariae],PISCES,CHARACIFORMES,CURIMATIDAE,Prochilodus mariae,1381200131,All,Freshwater
Soles nei,PISCES,PLEURONECTIFORMES,SOLEIDAE,Soleidae,18303XXXXX,All,Marine
Abalones nei,MOLLUSCA,GASTROPODA,HALIOTIDAE,Haliotis spp,30703001XX,All,Brackishwater
Atipa,PISCES,SILURIFORMES,CALLICHTHYIDAE,Hoplosternum littorale,1412704701,All,Freshwater
Redbelly tilapia,PISCES,PERCOIDEI,CICHLIDAE,Tilapia zillii,1705905504,All,Freshwater
Rough turban,MOLLUSCA,GASTROPODA,TURBINIDAE,Turbo setosus,3070500211,All,Marine
Common edible cockle,MOLLUSCA,BIVALVIA,CARDIIDAE,Cerastoderma edule,3162300203,All,Marine
Roach,PISCES,CYPRINIFORMES,CYPRINIDAE,Rutilus rutilus,1400201801,All,Freshwater
Mullets nei,PISCES,MUGILIFORMES,MUGILIDAE,Mugilidae,16501XXXXX,All,Brackishwater
Salmonids nei,PISCES,SALMONIFORMES,SALMONIDAE,Salmonidae,12301XXXXX,All,Marine
South American rock mussel,MOLLUSCA,BIVALVIA,MYTILIDAE,Perna perna,3161003201,All,Marine
Pacu,PISCES,CHARACIFORMES,CHARACIDAE,Piaractus mesopotamicus,1380107602,All,Freshwater
European flat oyster,MOLLUSCA,BIVALVIA,OSTREIDAE,Ostrea edulis,3160700205,All,Marine
Blue mussel,MOLLUSCA,BIVALVIA,MYTILIDAE,Mytilus edulis,3161000105,All,Marine
Atlantic ditch shrimp,CRUSTACEA,NATANTIA,PALAEMONIDAE,Palaemonetes varians,2281200705,All,Marine
Milkfish,PISCES,GONORYNCHIFORMES,CHANIDAE,Chanos chanos,1220200101,All,Brackishwater
Giant gourami,PISCES,"STROMATEOIDEI, ANABANTOIDEI",OSPHRONEMIDAE,Osphronemus goramy,1760900701,All,Freshwater
Tench,PISCES,CYPRINIFORMES,CYPRINIDAE,Tinca tinca,1400200701,All,Freshwater
Whiteleg shrimp,CRUSTACEA,NATANTIA,PENAEIDAE,Penaeus vannamei,2280100111,All,Marine
Barbel,PISCES,CYPRINIFORMES,CYPRINIDAE,Barbus barbus,1400201301,All,Freshwater
Pacific cupped oyster,MOLLUSCA,BIVALVIA,OSTREIDAE,Crassostrea gigas,3160700801,All,Brackishwater
Blue shrimp,CRUSTACEA,NATANTIA,PENAEIDAE,Penaeus stylirostris,2280100110,All,Brackishwater
Barramundi(=Giant seaperch),PISCES,PERCOIDEI,CENTROPOMIDAE,Lates calcarifer,1700116701,All,Marine
Snubnose pompano,PISCES,PERCOIDEI,CARANGIDAE,Trachinotus blochii,1702304701,All,Marine
Blacklip pearl oyster,MOLLUSCA,BIVALVIA,PTERIIDAE,Pinctada margaritifera,3160600601,All,Marine
Atlantic salmon,PISCES,SALMONIFORMES,SALMONIDAE,Salmo salar,1230100401,All,Brackishwater
Freshwater siluroids nei,PISCES,SILURIFORMES,,Siluroidei,141XXXXXXX,All,Freshwater
Sobaity seabream,PISCES,PERCOIDEI,SPARIDAE,Sparidentex hasta,1703930001,All,Marine
Cachama,PISCES,CHARACIFORMES,CHARACIDAE,Colossoma macropomum,1380104605,All,Freshwater
Snakeheads(=Murrels) nei,PISCES,OTHER PERCIFORMES,CHANNIDAE,Channa spp,17719001XX,All,Freshwater
"Tambatinga, hybrid",PISCES,CHARACIFORMES,CHARACIDAE,C. macropomum x P. brachypomus,13801XXXXX005,All,Freshwater
Mediterranean mussel,MOLLUSCA,BIVALVIA,MYTILIDAE,Mytilus galloprovincialis,3161000112,All,Marine
Longfin tilapia,PISCES,PERCOIDEI,CICHLIDAE,Oreochromis macrochir,1705905105,All,Freshwater
Sandfish,INVERTEBRATA AQUATICA,HOLOTHUROIDEA,HOLOTHURIIDAE,Holothuria scabra,6940100302,All,Brackishwater
Turbot,PISCES,PLEURONECTIFORMES,SCOPHTHALMIDAE,Psetta maxima,1830509201,All,Brackishwater
Pacific lion's paw,MOLLUSCA,BIVALVIA,PECTINIDAE,Lyropecten subnodosus,3160801001,All,Marine
Crocus giant clam,MOLLUSCA,BIVALVIA,TRIDACNIDAE,Tridacna crocea,3162605004,All,Marine
Jaguar guapote,PISCES,PERCOIDEI,CICHLIDAE,Cichlasoma managuense,1705905306,All,Freshwater
Pacific asaphis,MOLLUSCA,BIVALVIA,PSAMMOBIIDAE,Asaphis violascens,3163800601,All,Marine
Queen conch,MOLLUSCA,GASTROPODA,STROMBIDAE,Strombus gigas,3070600201,All,Marine
Smooth giant clam,MOLLUSCA,BIVALVIA,TRIDACNIDAE,Tridacna derasa,3162605002,All,Marine
Elongate giant clam,MOLLUSCA,BIVALVIA,TRIDACNIDAE,Tridacna maxima,3162605005,All,Marine
Palaemonid shrimps nei,CRUSTACEA,NATANTIA,PALAEMONIDAE,Palaemonidae,22812XXXXX046,All,Marine
South American catfish,PISCES,SILURIFORMES,PIMELODIDAE,Rhamdia quelen,1412202102,All,Freshwater
Atlantic wolffish,PISCES,ZOARCOIDEI,ANARHICHADIDAE,Anarhichas lupus,1710200101,All,Marine
Spotted wolffish,PISCES,ZOARCOIDEI,ANARHICHADIDAE,Anarhichas minor,1710200103,All,Marine
Short-finned eel,PISCES,ANGUILLIFORMES,ANGUILLIDAE,Anguilla australis,1430200207,All,Brackishwater
River eels nei,PISCES,ANGUILLIFORMES,ANGUILLIDAE,Anguilla spp,14302002XX,All,Brackishwater
[Anostomoides laticeps],PISCES,CHARACIFORMES,ANOSTOMIDAE,Anostomoides laticeps,1380400501,All,Freshwater
Pacific calico scallop,MOLLUSCA,BIVALVIA,PECTINIDAE,Argopecten ventricosus,3160803004,All,Marine
Japanese meagre,PISCES,PERCOIDEI,SCIAENIDAE,Argyrosomus japonicus,1703710602,All,Brackishwater
Japanese meagre,PISCES,PERCOIDEI,SCIAENIDAE,Argyrosomus japonicus,1703710602,All,Marine
Brine shrimp,CRUSTACEA,ANOSTRACA,ARTEMIIDAE,Artemia salina,2020200101,All,Brackishwater
Brine shrimp,CRUSTACEA,ANOSTRACA,ARTEMIIDAE,Artemia salina,2020200101,All,Marine
Asp,PISCES,CYPRINIFORMES,CYPRINIDAE,Aspius aspius,1400211501,All,Freshwater
Big-scale sand smelt,PISCES,ATHERINIFORMES,ATHERINIDAE,Atherina boyeri,1630200301,All,Marine
Silversides(=Sand smelts) nei,PISCES,ATHERINIFORMES,ATHERINIDAE,Atherinidae,16302XXXXX,All,Brackishwater
Silversides(=Sand smelts) nei,PISCES,ATHERINIFORMES,ATHERINIDAE,Atherinidae,16302XXXXX,All,Freshwater
Bayad,PISCES,SILURIFORMES,BAGRIDAE,Bagrus bajad,1410811101,All,Freshwater
Naked catfishes,PISCES,SILURIFORMES,BAGRIDAE,Bagrus spp,14108111XX,All,Freshwater
Silver barb,PISCES,CYPRINIFORMES,CYPRINIDAE,Barbonymus gonionotus,1400233501,All,Brackishwater
Ripon barbel,PISCES,CYPRINIFORMES,CYPRINIDAE,Barbus altianalis,1400201328,All,Freshwater
"Clams, etc. nei",MOLLUSCA,BIVALVIA,,Bivalvia,316XXXXXXX,All,Brackishwater
"Clams, etc. nei",MOLLUSCA,BIVALVIA,,Bivalvia,316XXXXXXX,All,Freshwater
White bream,PISCES,CYPRINIFORMES,CYPRINIDAE,Blicca bjoerkna,1400233301,All,Freshwater
Great blue spotted mudskipper,PISCES,GOBIOIDEI,GOBIIDAE,Boleophthalmus pectinirostris,1732106502,All,Brackishwater
Great blue spotted mudskipper,PISCES,GOBIOIDEI,GOBIIDAE,Boleophthalmus pectinirostris,1732106502,All,Freshwater
Marine crabs nei,CRUSTACEA,BRACHYURA,,Brachyura,231XXXXXXX,All,Freshwater
Marine crabs nei,CRUSTACEA,BRACHYURA,,Brachyura,231XXXXXXX,All,Marine
[Brycon hilarii],PISCES,CHARACIFORMES,CHARACIDAE,Brycon hilarii,1380101315,All,Freshwater
Dorada,PISCES,CHARACIFORMES,CHARACIDAE,Brycon moorei,1380101330,All,Freshwater
Blue crab,CRUSTACEA,BRACHYURA,PORTUNIDAE,Callinectes sapidus,2311101202,All,Brackishwater
Callinectes swimcrabs nei,CRUSTACEA,BRACHYURA,PORTUNIDAE,Callinectes spp,23111012XX,All,Brackishwater
Filefishes nei,PISCES,TETRAODONTIFORMES,MONACANTHIDAE,Cantherhines (=Navodon) spp,19009004XX,All,Marine
Malabar trevally,PISCES,PERCOIDEI,CARANGIDAE,Carangoides malabaricus,1702311412,All,Marine
Bigeye trevally,PISCES,PERCOIDEI,CARANGIDAE,Caranx sexfasciatus,1702304411,All,Marine
Cockles nei,MOLLUSCA,BIVALVIA,CARDIIDAE,Cardiidae,31623XXXXX,All,Marine
Snooks(=Robalos) nei,PISCES,PERCOIDEI,CENTROPOMIDAE,Centropomus spp,17001025XX,All,Freshwater
Snooks(=Robalos) nei,PISCES,PERCOIDEI,CENTROPOMIDAE,Centropomus spp,17001025XX,All,Marine
Common snook,PISCES,PERCOIDEI,CENTROPOMIDAE,Centropomus undecimalis,1700102510,All,Brackishwater
Common snook,PISCES,PERCOIDEI,CENTROPOMIDAE,Centropomus undecimalis,1700102510,All,Marine
Black seabass,PISCES,PERCOIDEI,SERRANIDAE,Centropristis striata,1700208102,All,Brackishwater
Atlantic spadefish,PISCES,ACANTHUROIDEI,EPHIPPIDAE,Chaetodipterus faber,1740526701,All,Marine
Danube bleak,PISCES,CYPRINIFORMES,CYPRINIDAE,Chalcalburnus chalcoides,1400212401,All,Freshwater
Striped venus,MOLLUSCA,BIVALVIA,VENERIDAE,Chamelea gallina,3161100105,All,Marine
Indonesian snakehead,PISCES,OTHER PERCIFORMES,CHANNIDAE,Channa micropeltes,1771900104,All,Brackishwater
Variegated scallop,MOLLUSCA,BIVALVIA,PECTINIDAE,Chlamys varia,3160803602,All,Marine
Bagrid catfish,PISCES,SILURIFORMES,BAGRIDAE,Chrysichthys nigrodigitatus,1410807802,All,Freshwater
Black catfishes nei,PISCES,SILURIFORMES,BAGRIDAE,Chrysichthys spp,14108078XX,All,Brackishwater
Blackbelt cichlid,PISCES,PERCOIDEI,CICHLIDAE,Cichlasoma maculicauda,1705905307,All,Freshwater
Cichlasoma nei,PISCES,PERCOIDEI,CICHLIDAE,Cichlasoma spp,17059053XX,All,Freshwater
Mudfish,PISCES,SILURIFORMES,CLARIIDAE,Clarias anguillaris,1411803007,All,Freshwater
Mangrove cupped oyster,MOLLUSCA,BIVALVIA,OSTREIDAE,Crassostrea rhizophorae,3160700802,All,Brackishwater
Cupped oysters nei,MOLLUSCA,BIVALVIA,OSTREIDAE,Crassostrea spp,31607008XX,All,Brackishwater
American cupped oyster,MOLLUSCA,BIVALVIA,OSTREIDAE,Crassostrea virginica,3160700803,All,Brackishwater
Humpback grouper,PISCES,PERCOIDEI,SERRANIDAE,Cromileptes altivelis,1700212501,All,Marine
Grass carp(=White amur),PISCES,CYPRINIFORMES,CYPRINIDAE,Ctenopharyngodon idellus,1400203501,All,Brackishwater
Common carp,PISCES,CYPRINIFORMES,CYPRINIDAE,Cyprinus carpio,1400200201,All,Brackishwater
Yellowback seabream,PISCES,PERCOIDEI,SPARIDAE,Dentex tumifrons,1703906013,All,Marine
European seabass,PISCES,PERCOIDEI,MORONIDAE,Dicentrarchus labrax,1700634503,All,Freshwater
Seabasses nei,PISCES,PERCOIDEI,MORONIDAE,Dicentrarchus spp,17006345XX,All,Brackishwater
Seabasses nei,PISCES,PERCOIDEI,MORONIDAE,Dicentrarchus spp,17006345XX,All,Marine
Sargo breams nei,PISCES,PERCOIDEI,SPARIDAE,Diplodus spp,17039033XX,All,Marine
Common two-banded seabream,PISCES,PERCOIDEI,SPARIDAE,Diplodus vulgaris,1703903305,All,Brackishwater
Common two-banded seabream,PISCES,PERCOIDEI,SPARIDAE,Diplodus vulgaris,1703903305,All,Marine
Donax clams,MOLLUSCA,BIVALVIA,DONACIDAE,Donax spp,31615002XX,All,Marine
"Gudgeons, sleepers nei",PISCES,GOBIOIDEI,ELEOTRIDAE,Eleotridae,17320XXXXX,All,Brackishwater
"Gudgeons, sleepers nei",PISCES,GOBIOIDEI,ELEOTRIDAE,Eleotridae,17320XXXXX,All,Freshwater
Hong Kong grouper,PISCES,PERCOIDEI,SERRANIDAE,Epinephelus akaara,1700204205,All,Marine
Greasy grouper,PISCES,PERCOIDEI,SERRANIDAE,Epinephelus tauvina,1700204219,All,Brackishwater
Greasy grouper,PISCES,PERCOIDEI,SERRANIDAE,Epinephelus tauvina,1700204219,All,Marine
Crimson seabream,PISCES,PERCOIDEI,SPARIDAE,Evynnis japonica,1703929502,All,Marine
Gastropods nei,MOLLUSCA,GASTROPODA,,Gastropoda,307XXXXXXX,All,Marine
Mojarras(=Silver-biddies) nei,PISCES,PERCOIDEI,GERREIDAE,Gerres spp,17046036XX,All,Marine
Gobies nei,PISCES,GOBIOIDEI,GOBIIDAE,Gobiidae,17321XXXXX023,All,Brackishwater
Freshwater gobies nei,PISCES,GOBIOIDEI,GOBIIDAE,Gobiidae,17321XXXXX022,All,Freshwater
Trahira,PISCES,CHARACIFORMES,ERYTHRINIDAE,Hoplias malabaricus,1380801703,All,Freshwater
Beluga,PISCES,ACIPENSERIFORMES,ACIPENSERIDAE,Huso huso,1170100501,All,Brackishwater
Silver carp,PISCES,CYPRINIFORMES,CYPRINIDAE,Hypophthalmichthys molitrix,1400204301,All,Brackishwater
Bighead carp,PISCES,CYPRINIFORMES,CYPRINIDAE,Hypophthalmichthys nobilis,1400204302,All,Brackishwater
Suckermouth catfish,PISCES,SILURIFORMES,LORICARIIDAE,Hypostomus plecostomus,1412808601,All,Freshwater
[Ichthyoelephas humeralis],PISCES,CHARACIFORMES,CURIMATIDAE,Ichthyoelephas humeralis,1381200201,All,Freshwater
Buffalofishes nei,PISCES,CYPRINIFORMES,CATOSTOMIDAE,Ictiobus spp,14001011XX,All,Freshwater
Rhinofishes nei,PISCES,CYPRINIFORMES,CYPRINIDAE,Labeo spp,14002024XX,All,Freshwater
Ningu,PISCES,CYPRINIFORMES,CYPRINIDAE,Labeo victorianus,1400202426,All,Freshwater
Nile perch,PISCES,PERCOIDEI,CENTROPOMIDAE,Lates niloticus,1700116707,All,Brackishwater
Bluegill,PISCES,PERCOIDEI,CENTRARCHIDAE,Lepomis macrochirus,1701001302,All,Marine
Trumpet emperor,PISCES,PERCOIDEI,LETHRINIDAE,Lethrinus miniatus,1703817217,All,Marine
Orfe(=Ide),PISCES,CYPRINIFORMES,CYPRINIDAE,Leuciscus idus,1400202001,All,Freshwater
Chubs nei,PISCES,CYPRINIFORMES,CYPRINIDAE,Leuciscus spp,14002020XX,All,Freshwater
Periwinkles nei,MOLLUSCA,GASTROPODA,LITTORINIDAE,Littorina spp,30701001XX,All,Marine
Thinlip grey mullet,PISCES,MUGILIFORMES,MUGILIDAE,Liza ramada,1650101202,All,Brackishwater
Squaretail mullet,PISCES,MUGILIFORMES,MUGILIDAE,Liza vaigiensis,1650101216,All,Brackishwater
"Snappers, jobfishes nei",PISCES,PERCOIDEI,LUTJANIDAE,Lutjanidae,17032XXXXX,All,Marine
Two-spot red snapper,PISCES,PERCOIDEI,LUTJANIDAE,Lutjanus bohar,1703202742,All,Brackishwater
Papuan black snapper,PISCES,PERCOIDEI,LUTJANIDAE,Lutjanus goldiei,1703202756,All,Marine
Malabar blood snapper,PISCES,PERCOIDEI,LUTJANIDAE,Lutjanus malabaricus,1703202713,All,Marine
Murray cod,PISCES,PERCOIDEI,PERCICHTHYIDAE,Maccullochella peelii,1700817601,All,Freshwater
Golden perch,PISCES,PERCOIDEI,PERCICHTHYIDAE,Macquaria ambigua,1700830102,All,Freshwater
Smooth mactra,MOLLUSCA,BIVALVIA,MACTRIDAE,Mactra glabrata,3161200806,All,Marine
Spinous spider crab,CRUSTACEA,BRACHYURA,MAJIDAE,Maja squinado,2312100501,All,Marine
Tarpon,PISCES,ELOPIFORMES,MEGALOPIDAE,Megalops atlanticus,1290200401,All,Marine
Haddock,PISCES,GADIFORMES,GADIDAE,Melanogrammus aeglefinus,1480401001,All,Marine
Japanese hard clam,MOLLUSCA,BIVALVIA,VENERIDAE,Meretrix lusoria,3161101701,All,Marine
Eastern school shrimp,CRUSTACEA,NATANTIA,PENAEIDAE,Metapenaeus macleayi,2280101604,All,Brackishwater
Whitemouth croaker,PISCES,PERCOIDEI,SCIAENIDAE,Micropogonias furnieri,1703703802,All,Brackishwater
Horse mussels nei,MOLLUSCA,BIVALVIA,MYTILIDAE,Modiolus spp,31610028XX,All,Marine
Marine molluscs nei,MOLLUSCA,MOLLUSCA MISCELLANEA,,Mollusca,399XXXXXXX016,All,Brackishwater
"Striped bass, hybrid",PISCES,PERCOIDEI,MORONIDAE,Morone chrysops x M. saxatilis,17006006XX017,All,Marine
Striped bass,PISCES,PERCOIDEI,MORONIDAE,Morone saxatilis,1700600602,All,Brackishwater
Lebranche mullet,PISCES,MUGILIFORMES,MUGILIDAE,Mugil liza,1650100112,All,Brackishwater
So-iuy mullet,PISCES,MUGILIFORMES,MUGILIDAE,Mugil soiuy,1650100128,All,Brackishwater
Daggertooth pike conger,PISCES,ANGUILLIFORMES,MURAENESOCIDAE,Muraenesox cinereus,1430901102,All,Marine
Black grouper,PISCES,PERCOIDEI,SERRANIDAE,Mycteroperca bonaci,1700204001,All,Marine
Sea mussels nei,MOLLUSCA,BIVALVIA,MYTILIDAE,Mytilidae,31610XXXXX,All,Brackishwater
Natantian decapods nei,CRUSTACEA,NATANTIA,,Natantia,228XXXXXXX,All,Marine
"Octopuses, etc. nei",MOLLUSCA,CEPHALOPODA,OCTOPODIDAE,Octopodidae,32109XXXXX,All,Marine
Argentinian silverside,PISCES,ATHERINIFORMES,ATHERINIDAE,Odontesthes bonariensis,1630200203,All,Freshwater
Golden trout,PISCES,SALMONIFORMES,SALMONIDAE,Oncorhynchus aguabonita,1230100901,All,Freshwater
Chum(=Keta=Dog) salmon,PISCES,SALMONIFORMES,SALMONIDAE,Oncorhynchus keta,1230100903,All,Marine
Masu(=Cherry) salmon,PISCES,SALMONIFORMES,SALMONIDAE,Oncorhynchus masou,1230100905,All,Marine
Sockeye(=Red) salmon,PISCES,SALMONIFORMES,SALMONIDAE,Oncorhynchus nerka,1230100906,All,Marine
Pacific salmons nei,PISCES,SALMONIFORMES,SALMONIDAE,Oncorhynchus spp,12301009XX,All,Freshwater
Groundfishes nei,PISCES,PISCES MISCELLANEA,,Osteichthyes,199XXXXXXX007,All,Marine
European flat oyster,MOLLUSCA,BIVALVIA,OSTREIDAE,Ostrea edulis,3160700205,All,Brackishwater
Flat oysters nei,MOLLUSCA,BIVALVIA,OSTREIDAE,Ostrea spp,31607002XX,All,Marine
Olympia oyster,MOLLUSCA,BIVALVIA,OSTREIDAE,Ostreola conchaphila,3160701102,All,Marine
Marble goby,PISCES,GOBIOIDEI,ELEOTRIDAE,Oxyeleotris marmorata,1732005101,All,Brackishwater
Signal crayfish,CRUSTACEA,REPTANTIA,ASTACIDAE,Pacifastacus leniusculus,2290307601,All,Freshwater
Common pandora,PISCES,PERCOIDEI,SPARIDAE,Pagellus erythrinus,1703900802,All,Marine
Silver seabream,PISCES,PERCOIDEI,SPARIDAE,Pagrus auratus,1703919115,All,Brackishwater
Japanese seabream,PISCES,PERCOIDEI,SPARIDAE,Pagrus major,1703919116,All,Brackishwater
Pargo breams nei,PISCES,PERCOIDEI,SPARIDAE,Pagrus spp,17039191XX,All,Marine
Baltic prawn,CRUSTACEA,NATANTIA,PALAEMONIDAE,Palaemon adspersus,2281201801,All,Brackishwater
Common prawn,CRUSTACEA,NATANTIA,PALAEMONIDAE,Palaemon serratus,2281201810,All,Brackishwater
Palaemonid shrimps nei,CRUSTACEA,NATANTIA,PALAEMONIDAE,Palaemonidae,22812XXXXX046,All,Brackishwater
Spiny lobsters nei,CRUSTACEA,REPTANTIA,PALINURIDAE,Palinuridae,22901XXXXX,All,Marine
Palinurid spiny lobsters nei,CRUSTACEA,REPTANTIA,PALINURIDAE,Palinurus spp,22901008XX,All,Marine
Pangas catfishes nei,PISCES,SILURIFORMES,PANGASIIDAE,Pangasius spp,14130002XX,All,Brackishwater
Japanese spiny lobster,CRUSTACEA,REPTANTIA,PALINURIDAE,Panulirus japonicus,2290100102,All,Brackishwater
Japanese spiny lobster,CRUSTACEA,REPTANTIA,PALINURIDAE,Panulirus japonicus,2290100102,All,Marine
Rooster venus,MOLLUSCA,BIVALVIA,VENERIDAE,Paphia gallus,3161104103,All,Marine
Stony sea urchin,INVERTEBRATA AQUATICA,ECHINOIDEA,ECHINIDAE,Paracentrotus lividus,6930400701,All,Marine
Bastard halibut,PISCES,PLEURONECTIFORMES,PARALICHTHYIDAE,Paralichthys olivaceus,1830804601,All,Brackishwater
Southern Australia scallop,MOLLUSCA,BIVALVIA,PECTINIDAE,Pecten fumatus,3160800316,All,Marine
Sichel,PISCES,CYPRINIFORMES,CYPRINIDAE,Pelecus cultratus,1400210001,All,Freshwater
Brown tiger prawn,CRUSTACEA,NATANTIA,PENAEIDAE,Penaeus esculentus,2280100121,All,Brackishwater
Brown tiger prawn,CRUSTACEA,NATANTIA,PENAEIDAE,Penaeus esculentus,2280100121,All,Marine
Banana prawn,CRUSTACEA,NATANTIA,PENAEIDAE,Penaeus merguiensis,2280100103,All,Marine
Eastern king prawn,CRUSTACEA,NATANTIA,PENAEIDAE,Penaeus plebejus,2280100113,All,Brackishwater
Eastern king prawn,CRUSTACEA,NATANTIA,PENAEIDAE,Penaeus plebejus,2280100113,All,Marine
Green tiger prawn,CRUSTACEA,NATANTIA,PENAEIDAE,Penaeus semisulcatus,2280100120,All,Brackishwater
Green tiger prawn,CRUSTACEA,NATANTIA,PENAEIDAE,Penaeus semisulcatus,2280100120,All,Marine
Northern white shrimp,CRUSTACEA,NATANTIA,PENAEIDAE,Penaeus setiferus,2280100122,All,Marine
Percoids nei,PISCES,PERCOIDEI,,Percoidei,170XXXXXXX,All,Brackishwater
[Pimelodus spp],PISCES,SILURIFORMES,PIMELODIDAE,Pimelodus spp,14122022XX,All,Freshwater
European flounder,PISCES,PLEURONECTIFORMES,PLEURONECTIDAE,Platichthys flesus,1830204802,All,Brackishwater
Pollack,PISCES,GADIFORMES,GADIDAE,Pollachius pollachius,1480401502,All,Marine
Mississippi paddlefish,PISCES,ACIPENSERIFORMES,POLYODONTIDAE,Polyodon spathula,1170200201,All,Freshwater
Bluefish,PISCES,PERCOIDEI,POMATOMIDAE,Pomatomus saltatrix,1702021301,All,Brackishwater
"Swimming crabs, etc. nei",CRUSTACEA,BRACHYURA,PORTUNIDAE,Portunidae,23111XXXXX,All,Freshwater
Portunus swimcrabs nei,CRUSTACEA,BRACHYURA,PORTUNIDAE,Portunus spp,23111004XX,All,Brackishwater
Gazami crab,CRUSTACEA,BRACHYURA,PORTUNIDAE,Portunus trituberculatus,2311100404,All,Marine
Red swamp crawfish,CRUSTACEA,REPTANTIA,CAMBARIDAE,Procambarus clarkii,2290400101,All,Brackishwater
Waigieu seaperch,PISCES,PERCOIDEI,CENTROPOMIDAE,Psammoperca waigiensis,1700118001,All,Brackishwater
Waigieu seaperch,PISCES,PERCOIDEI,CENTROPOMIDAE,Psammoperca waigiensis,1700118001,All,Freshwater
Penguin wing oyster,MOLLUSCA,BIVALVIA,PTERIIDAE,Pteria penguin,3160602301,All,Freshwater
Penguin wing oyster,MOLLUSCA,BIVALVIA,PTERIIDAE,Pteria penguin,3160602301,All,Marine
Amazon sailfin catfish,PISCES,SILURIFORMES,LORICARIIDAE,Pterygoplichthys pardalis,1412804102,All,Freshwater
Red bait,INVERTEBRATA AQUATICA,ASCIDIACEA,PYURIDAE,Pyura stolonifera,6960900501,All,Marine
European green frog,"AMPHIBIA, REPTILIA",ANURA,RANIDAE,Rana ridibunda,5120100114,All,Freshwater
Vatani rohtee,PISCES,CYPRINIFORMES,CYPRINIDAE,Rohtee ogilbii,1400206701,All,Freshwater
Carpet shells nei,MOLLUSCA,BIVALVIA,VENERIDAE,Ruditapes spp,31611020XX,All,Marine
Kutum,PISCES,CYPRINIFORMES,CYPRINIDAE,Rutilus frisii,1400201802,All,Freshwater
Sydney cupped oyster,MOLLUSCA,BIVALVIA,OSTREIDAE,Saccostrea commercialis,3160700310,All,Marine
Sea trout,PISCES,SALMONIFORMES,SALMONIDAE,Salmo trutta,1230100402,All,Marine
Salmonoids nei,PISCES,SALMONIFORMES,,Salmonoidei,123XXXXXXX,All,Marine
Chars nei,PISCES,SALMONIFORMES,SALMONIDAE,Salvelinus spp,12301010XX,All,Marine
Scats,PISCES,ACANTHUROIDEI,SCATOPHAGIDAE,Scatophagus spp,17406330XX,All,Brackishwater
Sciaenas nei,PISCES,PERCOIDEI,SCIAENIDAE,Sciaena spp,17037009XX,All,Marine
Brown meagre,PISCES,PERCOIDEI,SCIAENIDAE,Sciaena umbra,1703700921,All,Brackishwater
"Croakers, drums nei",PISCES,PERCOIDEI,SCIAENIDAE,Sciaenidae,17037XXXXX,All,Marine
Mackerels nei,PISCES,SCOMBROIDEI,SCOMBRIDAE,Scombridae,17501XXXXX,All,Marine
Brill,PISCES,PLEURONECTIFORMES,SCOPHTHALMIDAE,Scophthalmus rhombus,1830506401,All,Brackishwater
Peppery furrow,MOLLUSCA,BIVALVIA,SCROBICULARIIDAE,Scrobicularia plana,3164800101,All,Marine
Common cuttlefish,MOLLUSCA,CEPHALOPODA,SEPIIDAE,Sepia officinalis,3210200202,All,Marine
Yellowtail amberjack,PISCES,PERCOIDEI,CARANGIDAE,Seriola lalandi,1702304806,All,Marine
Yellow-belly bream,PISCES,PERCOIDEI,CICHLIDAE,Serranochromis robustus,1705950002,All,Freshwater
Streaked spinefoot,PISCES,ACANTHUROIDEI,SIGANIDAE,Siganus javus,1740700105,All,Marine
Marbled spinefoot,PISCES,ACANTHUROIDEI,SIGANIDAE,Siganus rivulatus,1740700106,All,Marine
Freshwater siluroids nei,PISCES,SILURIFORMES,,Siluroidei,141XXXXXXX,All,Brackishwater
Soles nei,PISCES,PLEURONECTIFORMES,SOLEIDAE,Soleidae,18303XXXXX,All,Brackishwater
Diphos sanguin,MOLLUSCA,BIVALVIA,PSAMMOBIIDAE,Soletellina diphos,3163800701,All,Marine
Duckbill catfish,PISCES,SILURIFORMES,PIMELODIDAE,Sorubim lima,1412202302,All,Freshwater
Gilthead seabream,PISCES,PERCOIDEI,SPARIDAE,Sparus aurata,1703923508,All,Freshwater
Stromboid conchs nei,MOLLUSCA,GASTROPODA,STROMBIDAE,Strombus spp,30706002XX,All,Marine
Flathead lobster,CRUSTACEA,REPTANTIA,SCYLLARIDAE,Thenus orientalis,2291500501,All,Marine
Yellowfin tuna,PISCES,SCOMBROIDEI,SCOMBRIDAE,Thunnus albacares,1750102610,All,Marine
Pacific horse clam,MOLLUSCA,BIVALVIA,MACTRIDAE,Tresus nuttallii,3161200503,All,Marine
Giant clam,MOLLUSCA,BIVALVIA,TRIDACNIDAE,Tridacna gigas,3162605001,All,Marine
Fluted giant clam,MOLLUSCA,BIVALVIA,TRIDACNIDAE,Tridacna squamosa,3162605003,All,Marine
[Trochita spp],MOLLUSCA,GASTROPODA,CALYPTRAEIDAE,Trochita spp,30752001XX,All,Marine
Drums nei,PISCES,PERCOIDEI,SCIAENIDAE,Umbrina spp,17037070XX,All,Marine
Bluespot mullet,PISCES,MUGILIFORMES,MUGILIDAE,Valamugil seheli,1650104302,All,Brackishwater
Venus clams nei,MOLLUSCA,BIVALVIA,VENERIDAE,Veneridae,31611XXXXX,All,Marine
Golden carpet shell,MOLLUSCA,BIVALVIA,VENERIDAE,Venerupis aurea,3161100302,All,Marine
Banded carpet shell,MOLLUSCA,BIVALVIA,VENERIDAE,Venerupis rhomboides,3161100303,All,Marine
Vimba bream,PISCES,CYPRINIFORMES,CYPRINIDAE,Vimba vimba,1400209701,All,Freshwater
[Wallago spp],PISCES,SILURIFORMES,SILURIDAE,Wallago spp,14107075XX,All,Freshwater
Japanese eel,PISCES,ANGUILLIFORMES,ANGUILLIDAE,Anguilla japonica,1430200204,All,Brackishwater
American eel,PISCES,ANGUILLIFORMES,ANGUILLIDAE,Anguilla rostrata,1430200206,All,Freshwater
Freshwater drum,PISCES,PERCOIDEI,SCIAENIDAE,Aplodinotus grunniens,1703701101,All,Freshwater
Velvety cichlids,PISCES,PERCOIDEI,CICHLIDAE,Astronotus spp,17059313XX,All,Freshwater
Crevalle jack,PISCES,PERCOIDEI,CARANGIDAE,Caranx hippos,1702304429,All,Marine
Green turtle,"AMPHIBIA, REPTILIA",TESTUDINES,CHELONIIDAE,Chelonia mydas,5310700502,All,Brackishwater
Hong Kong catfish,PISCES,SILURIFORMES,CLARIIDAE,Clarias fuscus,1411803002,All,Freshwater
False abalone,MOLLUSCA,GASTROPODA,MURICIDAE,Concholepas concholepas,3070202301,All,Marine
Peled,PISCES,SALMONIFORMES,COREGONIDAE,Coregonus peled,1231200127,All,Freshwater
Longrayed whiptail,PISCES,GADIFORMES,MACROURIDAE,Coryphaenoides subserrulatus,1480600421,All,Marine
Three-spined stickleback,PISCES,GASTEROSTEIFORMES,GASTEROSTEIDAE,Gasterosteus aculeatus,1500100101,All,Freshwater
Bluegill,PISCES,PERCOIDEI,CENTRARCHIDAE,Lepomis macrochirus,1701001302,All,Freshwater
Monkey river prawn,CRUSTACEA,NATANTIA,PALAEMONIDAE,Macrobrachium lar,2281202334,All,Freshwater
Chum(=Keta=Dog) salmon,PISCES,SALMONIFORMES,SALMONIDAE,Oncorhynchus keta,1230100903,All,Freshwater
Bastard halibuts nei,PISCES,PLEURONECTIFORMES,PARALICHTHYIDAE,Paralichthys spp,18308046XX,All,Marine
Caramote prawn,CRUSTACEA,NATANTIA,PENAEIDAE,Penaeus kerathurus,2280100117,All,Brackishwater
Redtail prawn,CRUSTACEA,NATANTIA,PENAEIDAE,Penaeus penicillatus,2280100130,All,Brackishwater
Southern white shrimp,CRUSTACEA,NATANTIA,PENAEIDAE,Penaeus schmitti,2280100108,All,Brackishwater
European flounder,PISCES,PLEURONECTIFORMES,PLEURONECTIDAE,Platichthys flesus,1830204802,All,Marine
Okhotsk atka mackerel,PISCES,SCORPAENIFORMES,HEXAGRAMMIDAE,Pleurogrammus azonus,1780701402,All,Marine
White crappie,PISCES,PERCOIDEI,CENTRARCHIDAE,Pomoxis annularis,1701021401,All,Freshwater
[Solea spp],PISCES,PLEURONECTIFORMES,SOLEIDAE,Solea spp,18303007XX,All,Marine
Jack and horse mackerels nei,PISCES,PERCOIDEI,CARANGIDAE,Trachurus spp,17023004XX,All,Marine
Horned turban,MOLLUSCA,GASTROPODA,TURBINIDAE,Turbo cornutus,3070500202,All,Marine
Grass carp(=White amur),PISCES,CYPRINIFORMES,CYPRINIDAE,Ctenopharyngodon idellus,1400203501,All,Freshwater
Cupped oysters nei,MOLLUSCA,BIVALVIA,OSTREIDAE,Crassostrea spp,31607008XX,All,Marine
Silver carp,PISCES,CYPRINIFORMES,CYPRINIDAE,Hypophthalmichthys molitrix,1400204301,All,Freshwater
Japanese carpet shell,MOLLUSCA,BIVALVIA,VENERIDAE,Ruditapes philippinarum,3161102002,All,Marine
Common carp,PISCES,CYPRINIFORMES,CYPRINIDAE,Cyprinus carpio,1400200201,All,Freshwater
Whiteleg shrimp,CRUSTACEA,NATANTIA,PENAEIDAE,Penaeus vannamei,2280100111,All,Brackishwater
Nile tilapia,PISCES,PERCOIDEI,CICHLIDAE,Oreochromis niloticus,1705905102,All,Freshwater
Bighead carp,PISCES,CYPRINIFORMES,CYPRINIDAE,Hypophthalmichthys nobilis,1400204302,All,Freshwater
[Carassius spp],PISCES,CYPRINIFORMES,CYPRINIDAE,Carassius spp,14002016XX,All,Freshwater
Atlantic salmon,PISCES,SALMONIFORMES,SALMONIDAE,Salmo salar,1230100401,All,Marine
Freshwater fishes nei,PISCES,PISCES MISCELLANEA,,Osteichthyes,199XXXXXXX001,All,Freshwater
Scallops nei,MOLLUSCA,BIVALVIA,PECTINIDAE,Pectinidae,31608XXXXX,All,Marine
Roho labeo,PISCES,CYPRINIFORMES,CYPRINIDAE,Labeo rohita,1400202415,All,Freshwater
Pangas catfishes nei,PISCES,SILURIFORMES,PANGASIIDAE,Pangasius spp,14130002XX,All,Freshwater
Tilapias nei,PISCES,PERCOIDEI,CICHLIDAE,Oreochromis (=Tilapia) spp,17059051XX,All,Freshwater
Red swamp crawfish,CRUSTACEA,REPTANTIA,CAMBARIDAE,Procambarus clarkii,2290400101,All,Freshwater
Sea mussels nei,MOLLUSCA,BIVALVIA,MYTILIDAE,Mytilidae,31610XXXXX,All,Marine
Marine molluscs nei,MOLLUSCA,MOLLUSCA MISCELLANEA,,Mollusca,399XXXXXXX016,All,Marine
Striped catfish,PISCES,SILURIFORMES,PANGASIIDAE,Pangasianodon hypophthalmus,1413000301,All,Freshwater
Constricted tagelus,MOLLUSCA,BIVALVIA,SOLECURTIDAE,Sinonovacula constricta,3164000101,All,Marine
Wuchang bream,PISCES,CYPRINIFORMES,CYPRINIDAE,Megalobrama amblycephala,1400215101,All,Freshwater
Chinese mitten crab,CRUSTACEA,BRACHYURA,GRAPSIDAE,Eriocheir sinensis,2311302803,All,Freshwater
Black carp,PISCES,CYPRINIFORMES,CYPRINIDAE,Mylopharyngodon piceus,1400214401,All,Freshwater
Giant tiger prawn,CRUSTACEA,NATANTIA,PENAEIDAE,Penaeus monodon,2280100112,All,Brackishwater
Pacific cupped oyster,MOLLUSCA,BIVALVIA,OSTREIDAE,Crassostrea gigas,3160700801,All,Marine
Rainbow trout,PISCES,SALMONIFORMES,SALMONIDAE,Oncorhynchus mykiss,1230100909,All,Freshwater
Whiteleg shrimp,CRUSTACEA,NATANTIA,PENAEIDAE,Penaeus vannamei,2280100111,All,Freshwater
Cyprinids nei,PISCES,CYPRINIFORMES,CYPRINIDAE,Cyprinidae,14002XXXXX,All,Freshwater
Marine fishes nei,PISCES,PISCES MISCELLANEA,,Osteichthyes,199XXXXXXX010,All,Marine
Mrigal carp,PISCES,CYPRINIFORMES,CYPRINIDAE,Cirrhinus mrigala,1400202503,All,Freshwater
Snakehead,PISCES,OTHER PERCIFORMES,CHANNIDAE,Channa argus,1771900101,All,Freshwater
Yellow catfish,PISCES,SILURIFORMES,BAGRIDAE,Pelteobagrus fulvidraco,1410813001,All,Freshwater
Largemouth black bass,PISCES,PERCOIDEI,CENTRARCHIDAE,Micropterus salmoides,1701001402,All,Freshwater
Freshwater fishes nei,PISCES,PISCES MISCELLANEA,,Osteichthyes,199XXXXXXX001,All,Brackishwater
Pond loach,PISCES,CYPRINIFORMES,COBITIDAE,Misgurnus anguillicaudatus,1400504701,All,Freshwater
Amur catfish,PISCES,SILURIFORMES,SILURIDAE,Silurus asotus,1410703102,All,Freshwater
Channel catfish,PISCES,SILURIFORMES,ICTALURIDAE,Ictalurus punctatus,1411000202,All,Freshwater
Asian swamp eel,PISCES,SYNBRANCHIFORMES,SYNBRANCHIDAE,Monopterus albus,1680200101,All,Freshwater
Mandarin fish,PISCES,PERCOIDEI,PERCICHTHYIDAE,Siniperca chuatsi,1700829902,All,Freshwater
Chinese softshell turtle,"AMPHIBIA, REPTILIA",TESTUDINES,TRIONYCHIDAE,Trionyx sinensis,5311102401,All,Freshwater
Giant river prawn,CRUSTACEA,NATANTIA,PALAEMONIDAE,Macrobrachium rosenbergii,2281202307,All,Freshwater
Sea snails,MOLLUSCA,GASTROPODA,MURICIDAE,Rapana spp,30702018XX,All,Marine
Japanese eel,PISCES,ANGUILLIFORMES,ANGUILLIDAE,Anguilla japonica,1430200204,All,Freshwater
Oriental river prawn,CRUSTACEA,NATANTIA,PALAEMONIDAE,Macrobrachium nipponense,2281202304,All,Freshwater
Pirapatinga,PISCES,CHARACIFORMES,CHARACIDAE,Piaractus brachypomus,1380107601,All,Freshwater
North African catfish,PISCES,SILURIFORMES,CLARIIDAE,Clarias gariepinus,1411803003,All,Freshwater
Japanese sea cucumber,INVERTEBRATA AQUATICA,HOLOTHUROIDEA,STICHOPODIDAE,Apostichopus japonicus,6941400501,All,Marine
Coho(=Silver) salmon,PISCES,SALMONIFORMES,SALMONIDAE,Oncorhynchus kisutch,1230100908,All,Marine
Large yellow croaker,PISCES,PERCOIDEI,SCIAENIDAE,Larimichthys croceus,1703730304,All,Marine
European seabass,PISCES,PERCOIDEI,MORONIDAE,Dicentrarchus labrax,1700634503,All,Marine
Green mussel,MOLLUSCA,BIVALVIA,MYTILIDAE,Perna viridis,3161003202,All,Marine
Rainbow trout,PISCES,SALMONIFORMES,SALMONIDAE,Oncorhynchus mykiss,1230100909,All,Marine
Abalones nei,MOLLUSCA,GASTROPODA,HALIOTIDAE,Haliotis spp,30703001XX,All,Marine
Gilthead seabream,PISCES,PERCOIDEI,SPARIDAE,Sparus aurata,1703923508,All,Marine
Japanese seabass,PISCES,PERCOIDEI,LATEOLABRACIDAE,Lateolabrax japonicus,1704929701,All,Marine
Green mud crab,CRUSTACEA,BRACHYURA,PORTUNIDAE,Scylla paramamosain,2311114003,All,Brackishwater
Groupers nei,PISCES,PERCOIDEI,SERRANIDAE,Epinephelus spp,17002042XX,All,Marine
Yesso scallop,MOLLUSCA,BIVALVIA,PECTINIDAE,Patinopecten yessoensis,3160806607,All,Marine
Silver barb,PISCES,CYPRINIFORMES,CYPRINIDAE,Barbonymus gonionotus,1400233501,All,Freshwater
Japanese amberjack,PISCES,PERCOIDEI,CARANGIDAE,Seriola quinqueradiata,1702304802,All,Marine
Milkfish,PISCES,GONORYNCHIFORMES,CHANIDAE,Chanos chanos,1220200101,All,Freshwater
Milkfish,PISCES,GONORYNCHIFORMES,CHANIDAE,Chanos chanos,1220200101,All,Marine
Portunus swimcrabs nei,CRUSTACEA,BRACHYURA,PORTUNIDAE,Portunus spp,23111004XX,All,Marine
American cupped oyster,MOLLUSCA,BIVALVIA,OSTREIDAE,Crassostrea virginica,3160700803,All,Marine
Penaeus shrimps nei,CRUSTACEA,NATANTIA,PENAEIDAE,Penaeus spp,22801001XX,All,Brackishwater
"Africa-bighead catfish, hybrid",PISCES,SILURIFORMES,CLARIIDAE,Clarias gariepinus x C. macrocephalus,14118030XX032,All,Freshwater
New Zealand mussel,MOLLUSCA,BIVALVIA,MYTILIDAE,Perna canaliculus,3161003203,All,Marine
Chinese mystery snail,MOLLUSCA,GASTROPODA,VIVIPARIDAE,Cipangopaludina chinensis,3075100101,All,Freshwater
Indo-Pacific swamp crab,CRUSTACEA,BRACHYURA,PORTUNIDAE,Scylla serrata,2311114001,All,Brackishwater
Frogs,"AMPHIBIA, REPTILIA",ANURA,RANIDAE,Rana spp,51201001XX,All,Freshwater
Jellyfishes nei,INVERTEBRATA AQUATICA,SCYPHOZOA,RHIZOSTOMIDAE,Rhopilema spp,61841007XX,All,Marine
"Porgies, seabreams nei",PISCES,PERCOIDEI,SPARIDAE,Sparidae,17039XXXXX,All,Marine
"Freshwater prawns, shrimps nei",CRUSTACEA,NATANTIA,PALAEMONIDAE,Palaemonidae,22812XXXXX045,All,Freshwater
Korean mussel,MOLLUSCA,BIVALVIA,MYTILIDAE,Mytilus coruscus,3161000101,All,Marine
Red drum,PISCES,PERCOIDEI,SCIAENIDAE,Sciaenops ocellatus,1703741101,All,Marine
Swan mussel,MOLLUSCA,BIVALVIA,UNIONIDAE,Anodonta cygnea,3160500801,All,Freshwater
Silver seabream,PISCES,PERCOIDEI,SPARIDAE,Pagrus auratus,1703919115,All,Marine
Barramundi(=Giant seaperch),PISCES,PERCOIDEI,CENTROPOMIDAE,Lates calcarifer,1700116701,All,Brackishwater
Giant tiger prawn,CRUSTACEA,NATANTIA,PENAEIDAE,Penaeus monodon,2280100112,All,Marine
Lefteye flounders nei,PISCES,PLEURONECTIFORMES,BOTHIDAE,Bothidae,18301XXXXX,All,Marine
Gilthead seabream,PISCES,PERCOIDEI,SPARIDAE,Sparus aurata,1703923508,All,Brackishwater
Kuruma prawn,CRUSTACEA,NATANTIA,PENAEIDAE,Penaeus japonicus,2280100109,All,Brackishwater
Japanese hard clam,MOLLUSCA,BIVALVIA,VENERIDAE,Meretrix lusoria,3161101701,All,Brackishwater
Cobia,PISCES,PERCOIDEI,RACHYCENTRIDAE,Rachycentron canadum,1702222101,All,Marine
River and lake turtles nei,"AMPHIBIA, REPTILIA",TESTUDINES,,Testudinata,531XXXXXXX029,All,Freshwater
Aquatic invertebrates nei,INVERTEBRATA AQUATICA,INVERTEBRATA AQUATICA MISCELL.,,Invertebrata,699XXXXXXX,All,Marine
Bastard halibut,PISCES,PLEURONECTIFORMES,PARALICHTHYIDAE,Paralichthys olivaceus,1830804601,All,Marine
Aquatic invertebrates nei,INVERTEBRATA AQUATICA,INVERTEBRATA AQUATICA MISCELL.,,Invertebrata,699XXXXXXX,All,Freshwater
European seabass,PISCES,PERCOIDEI,MORONIDAE,Dicentrarchus labrax,1700634503,All,Brackishwater
Fleshy prawn,CRUSTACEA,NATANTIA,PENAEIDAE,Penaeus chinensis,2280100116,All,Brackishwater
Orangefin labeo,PISCES,CYPRINIFORMES,CYPRINIDAE,Labeo calbasu,1400202405,All,Freshwater
Groupers nei,PISCES,PERCOIDEI,SERRANIDAE,Epinephelus spp,17002042XX,All,Brackishwater
Freshwater molluscs nei,MOLLUSCA,MOLLUSCA MISCELLANEA,,Mollusca,399XXXXXXX014,All,Freshwater
Tiger pufferfish,PISCES,TETRAODONTIFORMES,TETRAODONTIDAE,Takifugu rubripes,1900201104,All,Marine
Trouts nei,PISCES,SALMONIFORMES,SALMONIDAE,Salmo spp,12301004XX,All,Freshwater
Amberjacks nei,PISCES,PERCOIDEI,CARANGIDAE,Seriola spp,17023048XX,All,Marine
Asian clam,MOLLUSCA,BIVALVIA,CORBICULIDAE,Corbicula fluminea,3162102504,All,Freshwater
Meagre,PISCES,PERCOIDEI,SCIAENIDAE,Argyrosomus regius,1703710601,All,Brackishwater
Tilapias nei,PISCES,PERCOIDEI,CICHLIDAE,Oreochromis (=Tilapia) spp,17059051XX,All,Brackishwater
Northern quahog(=Hard clam),MOLLUSCA,BIVALVIA,VENERIDAE,Mercenaria mercenaria,3161107501,All,Marine
Slipper cupped oyster,MOLLUSCA,BIVALVIA,OSTREIDAE,Crassostrea iredalei,3160700811,All,Marine
Korean rockfish,PISCES,SCORPAENIFORMES,SCORPAENIDAE,Sebastes schlegeli,1780100128,All,Marine
Pacific bluefin tuna,PISCES,SCOMBROIDEI,SCOMBRIDAE,Thunnus orientalis,1750102602,All,Marine
Chinese longsnout catfish,PISCES,SILURIFORMES,BAGRIDAE,Leiocassis longirostris,1410805102,All,Freshwater
Clearhead icefish,PISCES,SALMONIFORMES,SALANGIDAE,Protosalanx hyalocranius,1230900201,All,Freshwater
Pangas catfish,PISCES,SILURIFORMES,PANGASIIDAE,Pangasius pangasius,1413000202,All,Freshwater
Sea squirts nei,INVERTEBRATA AQUATICA,ASCIDIACEA,,Ascidiacea,696XXXXXXX,All,Marine
Peruvian calico scallop,MOLLUSCA,BIVALVIA,PECTINIDAE,Argopecten purpuratus,3160803003,All,Marine
Pen shells nei,MOLLUSCA,BIVALVIA,PINNIDAE,Atrina spp,31637001XX,All,Marine
Nile perch,PISCES,PERCOIDEI,CENTROPOMIDAE,Lates niloticus,1700116707,All,Freshwater
Righteye flounders nei,PISCES,PLEURONECTIFORMES,PLEURONECTIDAE,Pleuronectidae,18302XXXXX,All,Marine
Marine crabs nei,CRUSTACEA,BRACHYURA,,Brachyura,231XXXXXXX,All,Brackishwater
Orange mud crab,CRUSTACEA,BRACHYURA,PORTUNIDAE,Scylla olivacea,2311114002,All,Brackishwater
Chinook(=Spring=King) salmon,PISCES,SALMONIFORMES,SALMONIDAE,Oncorhynchus tshawytscha,1230100907,All,Marine
Pond smelt,PISCES,SALMONIFORMES,OSMERIDAE,Hypomesus olidus,1230400801,All,Freshwater
Rainbow trout,PISCES,SALMONIFORMES,SALMONIDAE,Oncorhynchus mykiss,1230100909,All,Brackishwater
Flat and cupped oysters nei,MOLLUSCA,BIVALVIA,OSTREIDAE,Ostreidae,31607XXXXX,All,Marine
Fourfinger threadfin,PISCES,PERCOIDEI,POLYNEMIDAE,Eleutheronema tetradactylum,1707700201,All,Brackishwater
Sea urchins nei,INVERTEBRATA AQUATICA,ECHINOIDEA,STRONGYLOCENTROTIDAE,Strongylocentrotus spp,69302004XX,All,Marine
Mangrove red snapper,PISCES,PERCOIDEI,LUTJANIDAE,Lutjanus argentimaculatus,1703202702,All,Brackishwater
Stinging catfish,PISCES,SILURIFORMES,HETEROPNEUSTIDAE,Heteropneustes fossilis,1413100101,All,Freshwater
Philippine catfish,PISCES,SILURIFORMES,CLARIIDAE,Clarias batrachus,1411803001,All,Freshwater
Southern bluefin tuna,PISCES,SCOMBROIDEI,SCOMBRIDAE,Thunnus maccoyii,1750102608,All,Marine
Ayu sweetfish,PISCES,SALMONIFORMES,PLECOGLOSSIDAE,Plecoglossus altivelis,1230301601,All,Freshwater
Reticulate knifefish,PISCES,OSTEOGLOSSIFORMES,NOTOPTERIDAE,Papyrocranus afer,1280200401,All,Freshwater
Atlantic bluefin tuna,PISCES,SCOMBROIDEI,SCOMBRIDAE,Thunnus thynnus,1750102601,All,Marine
Cortez oyster,MOLLUSCA,BIVALVIA,OSTREIDAE,Crassostrea corteziensis,3160700813,All,Brackishwater
Barramundi(=Giant seaperch),PISCES,PERCOIDEI,CENTROPOMIDAE,Lates calcarifer,1700116701,All,Freshwater
John's snapper,PISCES,PERCOIDEI,LUTJANIDAE,Lutjanus johnii,1703202707,All,Brackishwater
Mullets nei,PISCES,MUGILIFORMES,MUGILIDAE,Mugilidae,16501XXXXX,All,Marine
Japanese seabream,PISCES,PERCOIDEI,SPARIDAE,Pagrus major,1703919116,All,Marine
Meagre,PISCES,PERCOIDEI,SCIAENIDAE,Argyrosomus regius,1703710601,All,Marine
Aba,PISCES,OSTEOGLOSSIFORMES,GYMNARCHIDAE,Gymnarchus niloticus,1280700101,All,Freshwater
Japanese seabass,PISCES,PERCOIDEI,LATEOLABRACIDAE,Lateolabrax japonicus,1704929701,All,Freshwater
Obscure pufferfish,PISCES,TETRAODONTIFORMES,TETRAODONTIDAE,Takifugu obscurus,1900201105,All,Freshwater
African bonytongue,PISCES,OSTEOGLOSSIFORMES,OSTEOGLOSSIDAE,Heterotis niloticus,1280100401,All,Freshwater
Asian barbs nei,PISCES,CYPRINIFORMES,CYPRINIDAE,Puntius spp,14002161XX,All,Freshwater
Olive barb,PISCES,CYPRINIFORMES,CYPRINIDAE,Systomus sarana,1400232403,All,Freshwater
Tilapia shiranus,PISCES,PERCOIDEI,CICHLIDAE,Oreochromis shiranus,1705905132,All,Freshwater
"Striped bass, hybrid",PISCES,PERCOIDEI,MORONIDAE,Morone chrysops x M. saxatilis,17006006XX017,All,Freshwater
Citharinus nei,PISCES,CHARACIFORMES,CITHARINIDAE,Citharinus spp,13806006XX,All,Freshwater
Upsidedown catfishes,PISCES,SILURIFORMES,MOCHOKIDAE,Synodontis spp,14132008XX,All,Freshwater
Characins nei,PISCES,CHARACIFORMES,CHARACIDAE,Characidae,13801XXXXX,All,Freshwater
Finfishes nei,PISCES,PISCES MISCELLANEA,,Osteichthyes,199XXXXXXX009,All,Marine
Whitefishes nei,PISCES,SALMONIFORMES,COREGONIDAE,Coregonus spp,12312001XX,All,Freshwater
White trevally,PISCES,PERCOIDEI,CARANGIDAE,Pseudocaranx dentex,1702301127,All,Marine
Grass-eaters nei,PISCES,CHARACIFORMES,DISTICHODONTIDAE,Distichodus spp,13816024XX,All,Freshwater
Inflated ark,MOLLUSCA,BIVALVIA,ARCIDAE,Scapharca broughtonii,3160400507,All,Marine
Flathead grey mullet,PISCES,MUGILIFORMES,MUGILIDAE,Mugil cephalus,1650100102,All,Freshwater
Speckled shrimp,CRUSTACEA,NATANTIA,PENAEIDAE,Metapenaeus monoceros,2280101601,All,Brackishwater
Kafue pike,PISCES,CHARACIFORMES,HEPSETIDAE,Hepsetus odoe,1381000101,All,Freshwater
Salmonoids nei,PISCES,SALMONIFORMES,,Salmonoidei,123XXXXXXX,All,Freshwater
Indian white prawn,CRUSTACEA,NATANTIA,PENAEIDAE,Penaeus indicus,2280100125,All,Brackishwater
Australian mussel,MOLLUSCA,BIVALVIA,MYTILIDAE,Mytilus planulatus,3161000117,All,Marine
Crucian carp,PISCES,CYPRINIFORMES,CYPRINIDAE,Carassius carassius,1400201601,All,Freshwater
American bull frog,"AMPHIBIA, REPTILIA",ANURA,RANIDAE,Rana catesbeiana,5120100119,All,Freshwater
Orange mud crab,CRUSTACEA,BRACHYURA,PORTUNIDAE,Scylla olivacea,2311114002,All,Marine
"Jacks, crevalles nei",PISCES,PERCOIDEI,CARANGIDAE,Caranx spp,17023044XX,All,Brackishwater
Parachanna snakeheads nei,PISCES,OTHER PERCIFORMES,CHANNIDAE,Parachanna spp,17719002XX,All,Freshwater
Flathead grey mullet,PISCES,MUGILIFORMES,MUGILIDAE,Mugil cephalus,1650100102,All,Brackishwater
Chars nei,PISCES,SALMONIFORMES,SALMONIDAE,Salvelinus spp,12301010XX,All,Freshwater
Tropical spiny lobsters nei,CRUSTACEA,REPTANTIA,PALINURIDAE,Panulirus spp,22901001XX,All,Marine
Wels(=Som) catfish,PISCES,SILURIFORMES,SILURIDAE,Silurus glanis,1410703101,All,Freshwater
Senegalese sole,PISCES,PLEURONECTIFORMES,SOLEIDAE,Solea senegalensis,1830300708,All,Marine
Arctic char,PISCES,SALMONIFORMES,SALMONIDAE,Salvelinus alpinus,1230101005,All,Freshwater
Chinook(=Spring=King) salmon,PISCES,SALMONIFORMES,SALMONIDAE,Oncorhynchus tshawytscha,1230100907,All,Freshwater
Atlantic halibut,PISCES,PLEURONECTIFORMES,PLEURONECTIDAE,Hippoglossus hippoglossus,1830200201,All,Marine
Brook trout,PISCES,SALMONIFORMES,SALMONIDAE,Salvelinus fontinalis,1230101002,All,Freshwater
Blue shrimp,CRUSTACEA,NATANTIA,PENAEIDAE,Penaeus stylirostris,2280100110,All,Marine
Catfishes nei,PISCES,SILURIFORMES,ICTALURIDAE,Ictalurus spp,14110002XX,All,Freshwater
Marine fishes nei,PISCES,PISCES MISCELLANEA,,Osteichthyes,199XXXXXXX010,All,Freshwater
Cholga mussel,MOLLUSCA,BIVALVIA,MYTILIDAE,Aulacomya ater,3161003801,All,Marine
Pike-perch,PISCES,PERCOIDEI,PERCIDAE,Sander lucioperca,1701436103,All,Freshwater
Kuruma prawn,CRUSTACEA,NATANTIA,PENAEIDAE,Penaeus japonicus,2280100109,All,Marine
Atlantic salmon,PISCES,SALMONIFORMES,SALMONIDAE,Salmo salar,1230100401,All,Freshwater
Red porgy,PISCES,PERCOIDEI,SPARIDAE,Pagrus pagrus,1703919103,All,Marine
Northern pike,PISCES,ESOCIFORMES,ESOCIDAE,Esox lucius,1240300101,All,Freshwater
Perlemoen abalone,MOLLUSCA,GASTROPODA,HALIOTIDAE,Haliotis midae,3070300111,All,Marine
Japanese seabass,PISCES,PERCOIDEI,LATEOLABRACIDAE,Lateolabrax japonicus,1704929701,All,Brackishwater
Mangrove cupped oyster,MOLLUSCA,BIVALVIA,OSTREIDAE,Crassostrea rhizophorae,3160700802,All,Marine
Choro mussel,MOLLUSCA,BIVALVIA,MYTILIDAE,Choromytilus chorus,3161002601,All,Marine
Wallago,PISCES,SILURIFORMES,SILURIDAE,Wallago attu,1410707501,All,Freshwater
Red abalone,MOLLUSCA,GASTROPODA,HALIOTIDAE,Haliotis rufescens,3070300104,All,Marine
Trouts nei,PISCES,SALMONIFORMES,SALMONIDAE,Salmo spp,12301004XX,All,Marine
Freshwater mussel shells,MOLLUSCA,BIVALVIA,UNIONIDAE,Ex Unionidae,31605XXXXX021,All,Freshwater
East Asian bullfrog,"AMPHIBIA, REPTILIA",ANURA,DICROGLOSSIDAE,Hoplobatrachus rugulosus,5120500201,All,Freshwater
Spotted snakehead,PISCES,OTHER PERCIFORMES,CHANNIDAE,Channa punctata,1771900102,All,Freshwater
Pacific geoduck,MOLLUSCA,BIVALVIA,HIATELLIDAE,Panopea generosa,3161808901,All,Marine
Florida pompano,PISCES,PERCOIDEI,CARANGIDAE,Trachinotus carolinus,1702304703,All,Marine
Japanese jack mackerel,PISCES,PERCOIDEI,CARANGIDAE,Trachurus japonicus,1702300403,All,Marine
[Oplegnathus fasciatus],PISCES,PERCOIDEI,OPLEGNATHIDAE,Oplegnathus fasciatus,1705832901,All,Marine
Salmonids nei,PISCES,SALMONIFORMES,SALMONIDAE,Salmonidae,12301XXXXX,All,Freshwater
European perch,PISCES,PERCOIDEI,PERCIDAE,Perca fluviatilis,1701400201,All,Freshwater
Largemouth black bass,PISCES,PERCOIDEI,CENTRARCHIDAE,Micropterus salmoides,1701001402,All,Brackishwater
Snubnose pompano,PISCES,PERCOIDEI,CARANGIDAE,Trachinotus blochii,1702304701,All,Brackishwater
Bronze featherback,PISCES,OSTEOGLOSSIFORMES,NOTOPTERIDAE,Notopterus notopterus,1280200302,All,Freshwater
Great snakehead,PISCES,OTHER PERCIFORMES,CHANNIDAE,Channa marulius,1771900107,All,Freshwater
Goldfish,PISCES,CYPRINIFORMES,CYPRINIDAE,Carassius auratus,1400201602,All,Freshwater
Spotted sorubim,PISCES,SILURIFORMES,PIMELODIDAE,Pseudoplatystoma corruscans,1412209001,All,Freshwater
Sand gaper,MOLLUSCA,BIVALVIA,MYIDAE,Mya arenaria,3161700601,All,Marine
Butter clam,MOLLUSCA,BIVALVIA,VENERIDAE,Saxidomus giganteus,3161103702,All,Marine
European whitefish,PISCES,SALMONIFORMES,COREGONIDAE,Coregonus lavaretus,1231200102,All,Brackishwater
Atlantic cod,PISCES,GADIFORMES,GADIDAE,Gadus morhua,1480400202,All,Marine
Amberjacks nei,PISCES,PERCOIDEI,CARANGIDAE,Seriola spp,17023048XX,All,Brackishwater
"Filefishes, leatherjackets nei",PISCES,TETRAODONTIFORMES,MONACANTHIDAE,Monacanthidae,19009XXXXX,All,Marine
Cobia,PISCES,PERCOIDEI,RACHYCENTRIDAE,Rachycentron canadum,1702222101,All,Brackishwater
"Porgies, seabreams nei",PISCES,PERCOIDEI,SPARIDAE,Sparidae,17039XXXXX,All,Brackishwater
Convict grouper,PISCES,PERCOIDEI,SERRANIDAE,Epinephelus septemfasciatus,1700204215,All,Marine
Shi drum,PISCES,PERCOIDEI,SCIAENIDAE,Umbrina cirrosa,1703707001,All,Marine
Flathead grey mullet,PISCES,MUGILIFORMES,MUGILIDAE,Mugil cephalus,1650100102,All,Marine
Longfin yellowtail,PISCES,PERCOIDEI,CARANGIDAE,Seriola rivoliana,1702304814,All,Marine
Chilean flat oyster,MOLLUSCA,BIVALVIA,OSTREIDAE,Ostrea chilensis,3160700203,All,Marine
"Jacks, crevalles nei",PISCES,PERCOIDEI,CARANGIDAE,Caranx spp,17023044XX,All,Marine
Arctic char,PISCES,SALMONIFORMES,SALMONIDAE,Salvelinus alpinus,1230101005,All,Marine
European whitefish,PISCES,SALMONIFORMES,COREGONIDAE,Coregonus lavaretus,1231200102,All,Freshwater
Indian white prawn,CRUSTACEA,NATANTIA,PENAEIDAE,Penaeus indicus,2280100125,All,Marine
Red claw crayfish,CRUSTACEA,REPTANTIA,PARASTACIDAE,Cherax quadricarinatus,2290517303,All,Freshwater
Algerian barb,PISCES,CYPRINIFORMES,CYPRINIDAE,Barbus callensis,1400201332,All,Freshwater
Dotted gizzard shad,PISCES,CLUPEIFORMES,CLUPEIDAE,Konosirus punctatus,1210506001,All,Marine
"Groupers, seabasses nei",PISCES,PERCOIDEI,SERRANIDAE,Serranidae,17002XXXXX,All,Marine
Silver perch,PISCES,PERCOIDEI,TERAPONTIDAE,Bidyanus bidyanus,1700436801,All,Freshwater
Pacific chub mackerel,PISCES,SCOMBROIDEI,SCOMBRIDAE,Scomber japonicus,1750100201,All,Marine
Masu(=Cherry) salmon,PISCES,SALMONIFORMES,SALMONIDAE,Oncorhynchus masou,1230100905,All,Freshwater
"Scorpionfishes, redfishes nei",PISCES,SCORPAENIFORMES,SCORPAENIDAE,Scorpaenidae,17801XXXXX,All,Marine
Gasar cupped oyster,MOLLUSCA,BIVALVIA,OSTREIDAE,Crassostrea gasar,3160700816,All,Marine
Atlantic ditch shrimp,CRUSTACEA,NATANTIA,PALAEMONIDAE,Palaemonetes varians,2281200705,All,Brackishwater
Fourfinger threadfin,PISCES,PERCOIDEI,POLYNEMIDAE,Eleutheronema tetradactylum,1707700201,All,Marine
Blackchin tilapia,PISCES,PERCOIDEI,CICHLIDAE,Sarotherodon melanotheron,1705905202,All,Brackishwater
Greasyback shrimp,CRUSTACEA,NATANTIA,PENAEIDAE,Metapenaeus ensis,2280101609,All,Brackishwater
Monsoon river prawn,CRUSTACEA,NATANTIA,PALAEMONIDAE,Macrobrachium malcolmsonii,2281202309,All,Freshwater
Sharpsnout seabream,PISCES,PERCOIDEI,SPARIDAE,Diplodus puntazzo,1703903307,All,Marine
Pullet carpet shell,MOLLUSCA,BIVALVIA,VENERIDAE,Venerupis pullastra,3161100301,All,Brackishwater
Coho(=Silver) salmon,PISCES,SALMONIFORMES,SALMONIDAE,Oncorhynchus kisutch,1230100908,All,Freshwater
Red drum,PISCES,PERCOIDEI,SCIAENIDAE,Sciaenops ocellatus,1703741101,All,Brackishwater
Spinefeet(=Rabbitfishes) nei,PISCES,ACANTHUROIDEI,SIGANIDAE,Siganus spp,17407001XX,All,Brackishwater
Clown knifefish,PISCES,OSTEOGLOSSIFORMES,NOTOPTERIDAE,Chitala chitala,1280200201,All,Freshwater
Sandfish,INVERTEBRATA AQUATICA,HOLOTHUROIDEA,HOLOTHURIIDAE,Holothuria scabra,6940100302,All,Marine
Blackspot(=red) seabream,PISCES,PERCOIDEI,SPARIDAE,Pagellus bogaraveo,1703900801,All,Marine
Malabar grouper,PISCES,PERCOIDEI,SERRANIDAE,Epinephelus malabaricus,1700204244,All,Marine
Penaeus shrimps nei,CRUSTACEA,NATANTIA,PENAEIDAE,Penaeus spp,22801001XX,All,Marine
"Snappers, jobfishes nei",PISCES,PERCOIDEI,LUTJANIDAE,Lutjanidae,17032XXXXX,All,Brackishwater
Roaches nei,PISCES,CYPRINIFORMES,CYPRINIDAE,Rutilus spp,14002018XX,All,Freshwater
Mozambique tilapia,PISCES,PERCOIDEI,CICHLIDAE,Oreochromis mossambicus,1705905101,All,Marine
Bluespotted seabream,PISCES,PERCOIDEI,SPARIDAE,Pagrus caeruleostictus,1703919101,All,Marine
Mediterranean mussel,MOLLUSCA,BIVALVIA,MYTILIDAE,Mytilus galloprovincialis,3161000112,All,Brackishwater
Pink dentex,PISCES,PERCOIDEI,SPARIDAE,Dentex gibbosus,1703906001,All,Marine
Mi-iuy (brown) croaker,PISCES,PERCOIDEI,SCIAENIDAE,Miichthys miiuy,1703702801,All,Marine
American yellow perch,PISCES,PERCOIDEI,PERCIDAE,Perca flavescens,1701400202,All,Freshwater
Common edible cockle,MOLLUSCA,BIVALVIA,CARDIIDAE,Cerastoderma edule,3162300203,All,Brackishwater
Sorubims nei,PISCES,SILURIFORMES,PIMELODIDAE,Pseudoplatystoma spp,14122090XX,All,Freshwater
Rainbow abalone,MOLLUSCA,GASTROPODA,HALIOTIDAE,Haliotis iris,3070300120,All,Marine
[Hypsibarbus spp],PISCES,CYPRINIFORMES,CYPRINIDAE,Hypsibarbus spp,14002193XX,All,Freshwater
Spinefeet(=Rabbitfishes) nei,PISCES,ACANTHUROIDEI,SIGANIDAE,Siganus spp,17407001XX,All,Marine
[Brycon cephalus],PISCES,CHARACIFORMES,CHARACIDAE,Brycon cephalus,1380101307,All,Freshwater
Greater amberjack,PISCES,PERCOIDEI,CARANGIDAE,Seriola dumerili,1702304801,All,Marine
Sea trout,PISCES,SALMONIFORMES,SALMONIDAE,Salmo trutta,1230100402,All,Brackishwater
[Hatcheria macraei],PISCES,SILURIFORMES,TRICHOMYCTERIDAE,Hatcheria macraei,1412501001,All,Freshwater
Mangrove red snapper,PISCES,PERCOIDEI,LUTJANIDAE,Lutjanus argentimaculatus,1703202702,All,Marine
Crimson snapper,PISCES,PERCOIDEI,LUTJANIDAE,Lutjanus erythropterus,1703202704,All,Marine
Danube crayfish,CRUSTACEA,REPTANTIA,ASTACIDAE,Astacus leptodactylus,2290302701,All,Freshwater
Redbanded seabream,PISCES,PERCOIDEI,SPARIDAE,Pagrus auriga,1703919109,All,Marine
Hairy marron crayfish,CRUSTACEA,REPTANTIA,PARASTACIDAE,Cherax tenuimanus,2290517301,All,Freshwater
Diphos sanguin,MOLLUSCA,BIVALVIA,PSAMMOBIIDAE,Soletellina diphos,3163800701,All,Brackishwater
Globose clam,MOLLUSCA,BIVALVIA,MACTRIDAE,Mactra veneriformis,3161200804,All,Marine
Common dentex,PISCES,PERCOIDEI,SPARIDAE,Dentex dentex,1703906006,All,Marine
Yellowtail amberjack,PISCES,PERCOIDEI,CARANGIDAE,Seriola lalandi,1702304806,All,Brackishwater
"Porgies, seabreams nei",PISCES,PERCOIDEI,SPARIDAE,Sparidae,17039XXXXX,All,Freshwater
Mud spiny lobster,CRUSTACEA,REPTANTIA,PALINURIDAE,Panulirus polyphagus,2290100105,All,Brackishwater
Yabby crayfish,CRUSTACEA,REPTANTIA,PARASTACIDAE,Cherax destructor,2290517302,All,Freshwater
Great Atlantic scallop,MOLLUSCA,BIVALVIA,PECTINIDAE,Pecten maximus,3160800309,All,Marine
Broad geloina,MOLLUSCA,BIVALVIA,CORBICULIDAE,Polymesoda expansa,3162100204,All,Brackishwater
Pearl oyster shells nei,MOLLUSCA,BIVALVIA,PTERIIDAE,Ex Pinctada spp,31606006XX021,All,Marine
Golden trevally,PISCES,PERCOIDEI,CARANGIDAE,Gnathanodon speciosus,1702315101,All,Marine
Spotted coralgrouper,PISCES,PERCOIDEI,SERRANIDAE,Plectropomus maculatus,1700220801,All,Brackishwater
[Labeo dussumieri],PISCES,CYPRINIFORMES,CYPRINIDAE,Labeo dussumieri,1400202408,All,Freshwater
Tinfoil barb,PISCES,CYPRINIFORMES,CYPRINIDAE,Barbonymus schwanenfeldii,1400233503,All,Freshwater
Pullet carpet shell,MOLLUSCA,BIVALVIA,VENERIDAE,Venerupis pullastra,3161100301,All,Marine
Blue swimming crab,CRUSTACEA,BRACHYURA,PORTUNIDAE,Portunus pelagicus,2311100401,All,Marine
Giant river prawn,CRUSTACEA,NATANTIA,PALAEMONIDAE,Macrobrachium rosenbergii,2281202307,All,Brackishwater
"Groupers, seabasses nei",PISCES,PERCOIDEI,SERRANIDAE,Serranidae,17002XXXXX,All,Brackishwater
John's snapper,PISCES,PERCOIDEI,LUTJANIDAE,Lutjanus johnii,1703202707,All,Marine
Marine crustaceans nei,CRUSTACEA,CRUSTACEA MISCELLANEA,,Crustacea,299XXXXXXX013,All,Marine
Pufferfishes nei,PISCES,TETRAODONTIFORMES,TETRAODONTIDAE,Takifugu spp,19002011XX,All,Marine
Mud spiny lobster,CRUSTACEA,REPTANTIA,PALINURIDAE,Panulirus polyphagus,2290100105,All,Marine
Rudd,PISCES,CYPRINIFORMES,CYPRINIDAE,Scardinius erythrophthalmus,1400201901,All,Freshwater
Freshwater crustaceans nei,CRUSTACEA,CRUSTACEA MISCELLANEA,,Crustacea,299XXXXXXX011,All,Freshwater
Atipa,PISCES,SILURIFORMES,CALLICHTHYIDAE,Hoplosternum littorale,1412704701,All,Brackishwater
Fleshy prawn,CRUSTACEA,NATANTIA,PENAEIDAE,Penaeus chinensis,2280100116,All,Marine
Japanese abalone,MOLLUSCA,GASTROPODA,HALIOTIDAE,Haliotis discus,3070300108,All,Marine
Indo-Pacific swamp crab,CRUSTACEA,BRACHYURA,PORTUNIDAE,Scylla serrata,2311114001,All,Marine
Sawtooth caridina,CRUSTACEA,NATANTIA,ATYIDAE,Caridina denticulata,2280901203,All,Freshwater
Huchen,PISCES,SALMONIFORMES,SALMONIDAE,Hucho hucho,1230102002,All,Freshwater
River prawns nei,CRUSTACEA,NATANTIA,PALAEMONIDAE,Macrobrachium spp,22812023XX,All,Freshwater
Indian backwater oyster,MOLLUSCA,BIVALVIA,OSTREIDAE,Crassostrea madrasensis,3160700809,All,Brackishwater
Barcoo grunter,PISCES,PERCOIDEI,TERAPONTIDAE,Scortum barcoo,1700401002,All,Freshwater
Beluga,PISCES,ACIPENSERIFORMES,ACIPENSERIDAE,Huso huso,1170100501,All,Freshwater
Mediterranean shore crab,CRUSTACEA,BRACHYURA,PORTUNIDAE,Carcinus aestuarii,2311109002,All,Brackishwater
[Leporinus obtusidens],PISCES,CHARACIFORMES,ANOSTOMIDAE,Leporinus obtusidens,1380401104,All,Freshwater
Streaked prochilod,PISCES,CHARACIFORMES,CURIMATIDAE,Prochilodus lineatus,1381200115,All,Freshwater
[Brycon orbignyanus],PISCES,CHARACIFORMES,CHARACIDAE,Brycon orbignyanus,1380101324,All,Freshwater
Pacific littleneck clam,MOLLUSCA,BIVALVIA,VENERIDAE,Protothaca staminea,3161105502,All,Marine
Goldlined seabream,PISCES,PERCOIDEI,SPARIDAE,Rhabdosargus sarba,1703922402,All,Marine
Malabar grouper,PISCES,PERCOIDEI,SERRANIDAE,Epinephelus malabaricus,1700204244,All,Brackishwater
Gouramis nei,PISCES,"STROMATEOIDEI, ANABANTOIDEI",BELONTIIDAE,Trichogaster spp,17610013XX,All,Freshwater
Thai mahseer,PISCES,CYPRINIFORMES,CYPRINIDAE,Tor tambroides,1400205901,All,Freshwater
Emperor red snapper,PISCES,PERCOIDEI,LUTJANIDAE,Lutjanus sebae,1703202714,All,Marine
Tilapias nei,PISCES,PERCOIDEI,CICHLIDAE,Oreochromis (=Tilapia) spp,17059051XX,All,Marine
Brown-marbled grouper,PISCES,PERCOIDEI,SERRANIDAE,Epinephelus fuscoguttatus,1700204274,All,Marine
Tuberculate abalone,MOLLUSCA,GASTROPODA,HALIOTIDAE,Haliotis tuberculata,3070300114,All,Marine
Sampa,PISCES,SILURIFORMES,CLARIIDAE,Heterobranchus longifilis,1411808702,All,Freshwater
Flatfishes nei,PISCES,PLEURONECTIFORMES,,Pleuronectiformes,183XXXXXXX,All,Marine
Brown-marbled grouper,PISCES,PERCOIDEI,SERRANIDAE,Epinephelus fuscoguttatus,1700204274,All,Brackishwater
Giant grouper,PISCES,PERCOIDEI,SERRANIDAE,Epinephelus lanceolatus,1700204208,All,Marine
Speckled longfin eel,PISCES,ANGUILLIFORMES,ANGUILLIDAE,Anguilla reinhardtii,1430200208,All,Freshwater
Blue swimming crab,CRUSTACEA,BRACHYURA,PORTUNIDAE,Portunus pelagicus,2311100401,All,Brackishwater
Knifefishes,PISCES,OSTEOGLOSSIFORMES,NOTOPTERIDAE,Notopterus spp,12802003XX,All,Freshwater
Pod razor shell,MOLLUSCA,BIVALVIA,SOLENIDAE,Ensis ensis,3161600503,All,Brackishwater
Burbot,PISCES,GADIFORMES,GADIDAE,Lota lota,1480400301,All,Freshwater
Striped bass,PISCES,PERCOIDEI,MORONIDAE,Morone saxatilis,1700600602,All,Freshwater
Hooded oyster,MOLLUSCA,BIVALVIA,OSTREIDAE,Saccostrea cuccullata,3160700306,All,Marine
Spotted coralgrouper,PISCES,PERCOIDEI,SERRANIDAE,Plectropomus maculatus,1700220801,All,Marine
River Plata mussel,MOLLUSCA,BIVALVIA,MYTILIDAE,Mytilus platensis,3161000108,All,Marine
Tropical spiny lobsters nei,CRUSTACEA,REPTANTIA,PALINURIDAE,Panulirus spp,22901001XX,All,Brackishwater
Oriental cyclina,MOLLUSCA,BIVALVIA,VENERIDAE,Cyclina sinensis,3161102901,All,Marine
Russell's snapper,PISCES,PERCOIDEI,LUTJANIDAE,Lutjanus russelli,1703202738,All,Marine
White seabream,PISCES,PERCOIDEI,SPARIDAE,Diplodus sargus,1703903303,All,Brackishwater
Noble crayfish,CRUSTACEA,REPTANTIA,ASTACIDAE,Astacus astacus,2290302702,All,Freshwater
Octopuses nei,MOLLUSCA,CEPHALOPODA,OCTOPODIDAE,Octopus spp,32109005XX,All,Marine
Natantian decapods nei,CRUSTACEA,NATANTIA,,Natantia,228XXXXXXX,All,Freshwater
Grayling,PISCES,SALMONIFORMES,THYMALLIDAE,Thymallus thymallus,1230200501,All,Freshwater
Groupers nei,PISCES,PERCOIDEI,SERRANIDAE,Epinephelus spp,17002042XX,All,Freshwater
Natantian decapods nei,CRUSTACEA,NATANTIA,,Natantia,228XXXXXXX,All,Brackishwater
White-spotted spinefoot,PISCES,ACANTHUROIDEI,SIGANIDAE,Siganus canaliculatus,1740700108,All,Marine
Giant trevally,PISCES,PERCOIDEI,CARANGIDAE,Caranx ignobilis,1702304405,All,Marine
Areolate grouper,PISCES,PERCOIDEI,SERRANIDAE,Epinephelus areolatus,1700204240,All,Marine
Snappers nei,PISCES,PERCOIDEI,LUTJANIDAE,Lutjanus spp,17032027XX,All,Brackishwater
Giant grouper,PISCES,PERCOIDEI,SERRANIDAE,Epinephelus lanceolatus,1700204208,All,Brackishwater
Crimson snapper,PISCES,PERCOIDEI,LUTJANIDAE,Lutjanus erythropterus,1703202704,All,Brackishwater
Senegalese sole,PISCES,PLEURONECTIFORMES,SOLEIDAE,Solea senegalensis,1830300708,All,Brackishwater
Common sole,PISCES,PLEURONECTIFORMES,SOLEIDAE,Solea solea,1830300701,All,Brackishwater
Potato grouper,PISCES,PERCOIDEI,SERRANIDAE,Epinephelus tukula,1700204282,All,Marine
Banded jewelfish,PISCES,PERCOIDEI,CICHLIDAE,Hemichromis fasciatus,1705927502,All,Freshwater
Caramote prawn,CRUSTACEA,NATANTIA,PENAEIDAE,Penaeus kerathurus,2280100117,All,Marine
Warty venus,MOLLUSCA,BIVALVIA,VENERIDAE,Venus verrucosa,3161102701,All,Marine
Olive green cockle,MOLLUSCA,BIVALVIA,CARDIIDAE,Cerastoderma glaucum,3162300202,All,Brackishwater
Spotted seabass,PISCES,PERCOIDEI,MORONIDAE,Dicentrarchus punctatus,1700634501,All,Marine
Green humphead parrotfish,PISCES,PERCOIDEI,SCARIDAE,Bolbometopon muricatum,1706543701,All,Marine
Humpback grouper,PISCES,PERCOIDEI,SERRANIDAE,Cromileptes altivelis,1700212501,All,Brackishwater
Chub,PISCES,CYPRINIFORMES,CYPRINIDAE,Leuciscus cephalus,1400202008,All,Freshwater
Common nase,PISCES,CYPRINIFORMES,CYPRINIDAE,Chondrostoma nasus,1400201401,All,Freshwater
Olive green cockle,MOLLUSCA,BIVALVIA,CARDIIDAE,Cerastoderma glaucum,3162300202,All,Marine
Spotted seabass,PISCES,PERCOIDEI,MORONIDAE,Dicentrarchus punctatus,1700634501,All,Brackishwater
Green crab,CRUSTACEA,BRACHYURA,PORTUNIDAE,Carcinus maenas,2311109001,All,Marine
Great Mediterranean scallop,MOLLUSCA,BIVALVIA,PECTINIDAE,Pecten jacobaeus,3160800311,All,Marine
Peacock cichlid,PISCES,PERCOIDEI,CICHLIDAE,Cichla ocellaris,1705905404,All,Freshwater
