"TABLE 2 Composition of Important Feeds: Mineral Elements, Data Expressed As-Fed and Dry (100% Dry Matter)",,,,,,,,,,,,,,,,,,
Entry Num-ber,Feed Name Description,Interna- tional Feed Number,Dry Mat-ter (%),Cal- cium (%),Chlo- rine (%),Mag-ne-sium (%),Phos-pho-rus (%),Potas-sium (%),So-dium (%),Sul-fur (%),Co-balt (mg/ kg),Cop-per (mg/ kg),Io-dine (mg/ kg),Iron (mg/ kg),Man-ga-nese (mg/ kg),Sele-nium (mg/ kg),Zinc (mg/ kg),CP (%) crude protein
,ALFALFA Medi- ,,,,,,,,,,,,,,,,,
,cago sative ,,,,,,,,,,,,,,,,,
1,fresh,2-00-196,24,0.48,0.11,0.07,0.07,0.51,0.05,0.09,0.03,2,?,70,10,?,4,
2,,,100,1.96,0.47,0.27,0.3,2.09,0.19,0.37,0.13,10,?,286,43,?,18,
3,"hay, sun-cured",1-00-078,90,1.64,0.34,0.27,0.22,2.03,0.15,0.27,0.21,10,?,175,28,0.49,22,
4,,,100,1.82,0.37,0.3,0.24,2.26,0.17,0.3,0.23,11,?,195,31,0.54,24,
5,"hay, sun-cured,",1-00-050,90,1.62,0.31,0.23,0.32,1.99,0.2,0.57,0.09,10,?,228,41,?,22,
6,early vegetative,,100,18,0.34,0.26,0.35,2.21,0.22,0.63,0.1,11,?,253,45,?,24,
7,"hay, sun-cured",1-00-054,90,1.38,0.31,0.22,0.26,2.29,0.13,0.28,0.08,8,?,204,30,?,25,
8,late vegetative,,100,1.54,0.34,0.24,0.29,2.56,0.15,0.31,0.09,9,?,227,34,?,27,
9,"hay, sun-cured,",1-00-059,90,1.27,0.34,0.29,0.2,2.27,0.13,0.25,0.15,10,?,173,27,0.49,22,
10,early bloom,,100,1.41,0.38,0.33,0.22,2.52,0.14,0.28,0.16,11,?,192,31,0.54,25,
11,"hay, sun-cured,",1-00-063,90,1.27,0.34,0.28,0.22,1.54,0.11,0.26,0.32,13,?,121,25,?,21,
12,midbloom,,100,1.41,0.38,0.31,0.24,1.71,0.12,0.28,0.36,14,?,134,28,?,23,
13,"hay, sun-cured,",1-00-068,90,1.13,?,0.28,0.2,1.38,0.1,0.25,0.29,13,?,135,34,?,22,
14,full bloom,,100,1.25,?,0.31,0.22,1.53,0.11,0.27,0.33,14,?,150,37,?,25,
15,"hay, sun-cured,",1-00-071,91,1.03,?,0.24,0.17,1.62,0.08,0.23,0.08,13,?,139,40,?,22,
16,mature,,100,1.13,?,0.27,0.18,1.78,0.08,0.25,0.09,14,?,153,44,?,24,
17,"leaves, sun-cured",1-00-146,89,2.27,0.45,0.36,0.24,1.62,0.09,?,0.19,10,?,153,44,?,24,
18,,,100,2.54,0.5,0.4,0.27,1.82,0.11,?,0.22,11,?,258,37,?,?,
19,"meal dehy, 15%",1-00-022,90,1.24,0.44,0.28,0.22,2.24,0.07,0.22,0.17,9,0.12,280,28,0.28,19,
20,protein,,100,1.37,0.48,0.31,0.24,2.48,0.08,0.24,0.19,10,0.13,309,31,0.31,21,
21,"meal dehy, 17%",1-00-023,92,1.4,0.47,0.29,0.23,2.39,0.1,0.22,0.3,10,0.15,405,31,0.33,19,
22,protein,,100,1.52,0.52,0.32,0.25,2.6,0.11,0.24,0.33,11,0.16,441,34,0.37,21,
23,"meal dehy, 20%",1-00-024,92,1.59,0.47,0.33,0.28,2.5,0.12,0.27,0.26,11,0.14,380,36,0.29,20,
24,protein,,100,1.74,0.51,0.36,0.3,2.73,0.14,0.29,0.28,12,0.15,415,39,0.31,22,
25,"meal dehy, 22%",1-07-851,93,1.69,0.52,0.31,0.3,2.4,0.12,0.3,0.31,10,0.17,355,36,?,19,
26,protein,,100,1.82,0.56,0.33,0.33,2.58,0.13,0.32,0.34,11,0.18,383,39,?,21,
27,wilted silage,3-00-221,39,0.52,0.16,0.15,0.12,0.9,0.06,0.14,?,4,?,119,16,?,?,
28,,,100,1.33,0.41,0.38,0.3,2.29,0.15,0.36,?,9,?,305,40,?,?,
,,,,,,,,,,,,,,,,,,
,ALMOND Prunus ,,,,,,,,,,,,,,,,,
,amygdalus ,,,,,,,,,,,,,,,,,
29,hulls,4-00-359,90,0.21,?,?,0.1,0.47,?,0.1,?,?,?,?,?,?,?,20.7
30,,,100,0.23,?,?,0.11,0.53,?,0.11,?,?,?,?,?,?,?,
`,APPLES Malus ,,,,,,,,,,,,,,,,,
,spp,,,,,,,,,,,,,,,,,
31,"pomace, oat hulls",4.28-096,89,0.11,?,0.06,0.1,0.43,0.12,0.02,?,?,?,266,7,?,?,
32,"added, dehy",,100,0.13,?,0.07,0.12,0.49,0.14,0.02,?,?,?,299,8,?,?,
,,,,,,,,,,,,,,,,,,
,BAHIAGRASS ,,,,,,,,,,,,,,,,,
,Paspalum ,,,,,,,,,,,,,,,,,
,notatum ,,,,,,,,,,,,,,,,,
33,fresh,2-00-464,30,0.14,?,0.07,0.06,0.43,?,?,?,?,?,?,?,?,?,
34,,,100,0.46,?,0.25,0.22,1.45,?,?,?,?,?,?,?,?,?,
35,"hay, sun-cured",1-00-462,91,0.46,?,0.17,0.2,?,?,?,?,?,?,55,?,?,?,
36,,,100,0.5,?,0.19,0.22,?,?,?,?,?,?,60,?,?,?,
37,"hay, sun-cured,",1-06-137,91,0.27,?,0.26,0.24,1.82,?,?,?,?,?,?,?,?,?,
38,early vegetative,,100,0.3,?,0.29,0.26,2,?,?,?,?,?,?,?,?,?,
,(South),,,,,,,,,,,,,,,,,
39,"hay, sun cured",1-20-787,91,0.26,?,0.25,0.19,1.64,?,?,?,?,?,?,?,?,?,
40,late vegetative,,100,0.28,?,0.27,0.21,1.8,?,?,?,?,?,?,?,?,?,
,(South),,,,,,,,,,,,,,,,,
41,"hay, sun-cured, ",1-06-138,91,0.24,?,0.23,0.18,1.46,?,?,?,?,?,?,?,?,?,
42,early bloom,,100,0.26,?,0.25,0.2,1.6,?,?,?,?,?,?,?,?,?,
,(South),,,,,,,,,,,,,,,,,
Entry Num-ber,Feed Name Description,Interna- tional Feed Number,Dry Mat-ter (%),Cal- cium (%),Chlo- rine (%),Mag-ne-sium (%),Phos-pho-rus (%),Potas-sium (%),So-dium (%),Sul-fur (%),Co-balt (mg/ kg),Cop-per (mg/ kg),Io-dine (mg/ kg),Iron (mg/ kg),Man-ga-nese (mg/ kg),Sele-nium (mg/ kg),Zinc (mg/ kg),
,BAKERY,,,,,,,,,,,,,,,,,
43,"waste, dehy",4-00-466,92,0.13,1.48,0.24,0.24,0.49,1.14,0.02,0.97,5,?,28,65,?,15,
44,(Dried bakery product),,100,0.14,1.61,0.26,0.26,0.53,1.24,0.02,1.05,5,?,31,71,?,16,
,,,,,,,,,,,,,,,,,,
,BARLEY Hor-,,,,,,,,,,,,,,,,,
,deum vulgare,,,,,,,,,,,,,,,,,
45,grain,4-00-549,88,0.04,0.16,0.14,0.34,0.41,0.03,0.15,0.09,8,0.04,75,16,0.19,17,
46,,,100,0.05,0.18,0.15,0.38,0.47,0.03,0.17,0.1,9,0.05,85,18,0.22,19,
47,"grain, Pacific",4-07-939,89,0.05,0.15,0.12,0.32,0.51,0.02,0.14,0.09,8,?,87,16,0.1,15,
48,Coast,,100,0.06,0.17,0.14,0.39,0.58,0.02,0.16,0.1,9,?,97,18,0.11,17,
49,grain screenings,4-00-542,89,0.29,?,0.12,0.29,0.66,0.02,0.13,?,?,?,53,?,?,?,
50,,,100,0.34,?,0.14,0.33,0.75,0.02,0.15,?,?,?,60,?,?,?,
51,"hay, sun-cured",1-00-495,87,0.2,?,0.16,0.23,1.03,0.12,0.15,0.06,21,?,89,24,0.14,42,
52,,,100,0.23,?,0.18,0.26,1.18,0.14,0.17,0.07,24,?,101,27,0.16,48,
53,"malt sprouts,",5-00-545,94,0.21,0.36,0.18,0.71,0.21,1.18,0.8,?,?,?,?,32,0.45,?,
54,dehy,,100,0.23,0.39,0.2,0.75,0.23,1.26,0.85,?,?,?,?,34,0.48,?,
55,straw,1-00-498,91,0.27,0.61,0.21,0.07,2.16,0.13,0.16,0.06,5,?,183,15,?,7,
56,,,100,0.3,0.67,0.23,0.07,2.37,0.14,0.17,0.07,5,?,201,17,?,7,
,,,,,,,,,,,,,,,,,,
,"BEAN, NAVY ",,,,,,,,,,,,,,,,,
,Phaseolus vulgaris,,,,,,,,,,,,,,,,,
57,seeds,5-00-623,89,0.16,0.06,0.13,0.52,1.31,0.04,0.23,?,10,?,99,21,?,?,
58,,,100,0.18,0.06,0.15,0.59,1.47,0.05,0.26,?,11,?,110,24,?,?,
,,,,,,,,,,,,,,,,,,
,"BEET, MANGELS",,,,,,,,,,,,,,,,,
,Beta vulgaris macrorhiza,,,,,,,,,,,,,,,,,
,,,,,,,,,,,,,,,,,,
,"BEET, SUGAR",,,,,,,,,,,,,,,,,
,Beta vulgaris ,,,,,,,,,,,,,,,,,
,altiesima,,,,,,,,,,,,,,,,,
61,aerial part with ,3-00-660,22,0.35,?,0.24,0.06,1.28,0.12,0.13,?,?,?,45,?,?,?,
62,"crowns, silage",,100,1.56,?,1.07,0.29,5.74,0.54,0.57,?,?,?,200,?,?,?,
,molasses?see ,,,,,,,,,,,,,,,,,
,Molasses and ,,,,,,,,,,,,,,,,,
,syrup ,,,,,,,,,,,,,,,,,
63,"pulp, dehy",4-00-669,91,0.63,0.04,0.24,0.09,0.18,0.19,0.2,0.07,12,?,299,35,?,1,
64,,,100,0.69,0.04,0.27,0.1,0.2,0.21,0.22,0.08,14,?,329,38,?,1,
65,"pulp, wet",4-00-671,11,0.1,?,0.02,0.01,0.02,0.02,0.02,?,?,?,36,?,?,0,
66,,,100,0.87,?,0.22,0.1,0.19,0.19,0.22,?,?,?,330,?,?,1,
67,pulp with molas-,4-00-672,92,0.56,?,0.14,0.09,1.63,0.48,0.39,0.21,15,?,190,24,?,1,
68,"ses, dehy",,100,0.61,?,0.16,0.1,1.78,0.53,0.42,0.23,16,?,207,27,?,2,
,,,,,,,,,,,,,,,,,,
,BERMUDAGRASS,,,,,,,,,,,,,,,,,
,Cynodon dactylon,,,,,,,,,,,,,,,,,
69,fresh,2-00-712,34,0.18,?,0.06,0.07,0.57,?,?,0.03,2,?,?,?,?,?,
70,,,100,0.53,?,0.17,0.21,1.7,?,?,0.08,6,?,?,?,?,?,
71,"hay, sun-cured",1-00-703,91,0.43,?,0.16,0.16,1.4,0.07,0.19,0.11,?,0.11,265,?,?,?,
72,,,100,0.47,?,0.17,0.17,1.53,0.08,0.21,0.12,?,0.12,290,?,?,?,
,,,,,,,,,,,,,,,,,,
,"BERMUDAGRASS, ",,,,,,,,,,,,,,,,,
,COASTAL,,,,,,,,,,,,,,,,,
,Cynodon dactylon,,,,,,,,,,,,,,,,,
73,fresh,2-00-719,29,0.14,?,?,0.08,?,?,?,?,?,?,?,?,?,?,
74,,,100,0.49,?,?,0.27,?,?,?,?,?,?,?,?,?,?,
,,,,,,,,,,,,,,,,,,
,,,,,,,,,,,,,,,,,,
,,,,,,,,,,,,,,,,,,
,,,,,,,,,,,,,,,,,,
Entry Num-ber,Feed Name Description,Interna- tional Feed Number,Dry Mat-ter (%),Cal- cium (%),Chlo- rine (%),Mag-ne-sium (%),Phos-pho-rus (%),Potas-sium (%),So-dium (%),Sul-fur (%),Co-balt (mg/ kg),Cop-per (mg/ kg),Io-dine (mg/ kg),Iron (mg/ kg),Man-ga-nese (mg/ kg),Sele-nium (mg/ kg),Zinc (mg/ kg),
,,,,,,,,,,,,,,,,,,
75,"hay, sun-cured",1-00-716,90,0.39,?,0.16,0.18,1.45,0.4,0.19,?,?,?,271,?,?,9,
76,,,100,0.43,?,0.17,0.2,1.61,0.44,0.21,?,?,?,300,?,?,11,
77,"hay, sun-cured",1-09-207,92,0.37,?,0.19,0.25,2.02,?,?,?,?,?,?,?,?,?,
78,15 to 28 days',,100,0.4,?,0.21,0.27,2.2,?,?,?,?,?,?,?,?,?,
,growth (South),,,,,,,,,,,,,,,,,
79,"hay, sun-cured",1-09-209,93,0.3,?,0.15,0.19,1.58,?,?,?,?,?,?,?,?,?,
80,29 to 42 days',,100,0.32,?,0.16,0.2,1.7,?,?,?,?,?,?,?,?,?,
,growth (South),,,,,,,,,,,,,,,,,
81,"hay, sun-cured",1-09-210,93,0.24,?,0.12,0.17,1.21,?,?,?,?,?,?,?,?,?,
82,43 to 56 days',,100,0.26,?,0.13,0.18,1.3,?,?,?,?,?,?,?,?,?,
,growth (South),,,,,,,,,,,,,,,,,
,,,,,,,,,,,,,,,,,,
,,,,,,,,,,,,,,,,,,
,MIDLAND Cy-,,,,,,,,,,,,,,,,,
,nodon dactylon,,,,,,,,,,,,,,,,,
83,"hay, sun-cured",1-06-139,92,0.31,?,0.16,0.31,2.58,?,?,?,?,?,?,?,?,?,
84,15 to 28 days',,100,0.34,?,0.17,0.34,2.8,?,?,?,?,?,?,?,?,?,
,growth (South),,,,,,,,,,,,,,,,,
85,"hay, sun-cured",1-06-140,92,0.31,?,0.13,0.24,1.93,?,?,?,?,?,?,?,?,?,
86,29 to 42 days',,100,0.34,?,0.14,0.26,2.1,?,?,?,?,?,?,?,?,?,
,growth (South),,,,,,,,,,,,,,,,,
,,,,,,,,,,,,,,,,,,
,BIRDSFOOT TREFOIL?,,,,,,,,,,,,,,,,,
,"SEE TREFOIL, BIRDSFOOT",,,,,,,,,,,,,,,,,
,,,,,,,,,,,,,,,,,,
,BLOOD,,,,,,,,,,,,,,,,,
87,meal,5-00-380,92,0.29,0.28,0.22,0.24,0.09,0.32,0.34,0.09,10,?,"3,719.00",5,0.73,4,
88,,,100,0.32,0.3,0.24,0.26,0.1,0.35,0.37,0.1,11,?,"4,064.00",6,0.8,5,
89,meal flash dehy,5-26-006,92,0.3,0.25,0.21,0.23,0.1,0.29,0.45,0.09,6,0.02,"2,341.00",10,?,16,
90,,,100,0.32,0.27,0.23,0.25,0.11,0.32,0.49,0.1,7,0.02,"2,543.00",11,?,17,
91,meal spray dehy,5-00-381,93,0.48,0.25,0.22,0.24,0.09,0.39,0.34,?,8,?,"2,784.00",6,?,?,
92,(Blood flour),,100,0.52,?,0.27,0.24,0.26,0.1,0.42,0.37,?,9,"2,993.00",7,?,?,
,,,,,,,,,,,,,,,,,,
,"BLUEGRASS, ",,,,,,,,,,,,,,,,,
,CANADA Poa,,,,,,,,,,,,,,,,,
,compressa,,,,,,,,,,,,,,,,,
93,fresh,2-00-764,31,0.12,?,0.05,0.12,0.64,0.04,0.05,?,?,?,94,25,?,?,
94,,,100,0.39,?,0.16,0.39,2.04,0.14,0.17,?,?,?,300,79,?,?,
95,"hay, sun-cured",1-00-762,92,0.28,?,0.31,0.25,1.65,0.1,0.12,?,?,?,277,85,?,?,
96,,,100,0.3,?,0.33,0.27,1.78,0.11,0.13,?,?,?,300,93,?,?,
,,,,,,,,,,,,,,,,,,
,"BLUEGRASS, ",,,,,,,,,,,,,,,,,
,KENTUCKY,,,,,,,,,,,,,,,,,
,Poa praterusis,,,,,,,,,,,,,,,,,
97,fresh,2-00-786,35,0.12,0.14,0.06,0.12,0.7,0.06,0.1,?,5,?,90,19,?,?,
98,,,100,0.33,0.4,0.17,0.34,1.98,0.16,0.29,?,14,?,255,55,?,?,
99,"hay, sun-cured",1-00-776,89,0.29,0.47,0.14,0.22,1.51,0.12,0.14,?,9,?,261,62,?,?,
100,,,100,0.33,0.53,0.16,0.25,1.69,0.13,0.16,?,10,?,293,70,?,?,
,,,,,,,,,,,,,,,,,,
,BLUESTEM An-,,,,,,,,,,,,,,,,,
,dropogon spp,,,,,,,,,,,,,,,,,
101,"fresh, early vege-",2-00-821,27,0.17,?,?,0.05,0.46,?,?,?,13,?,240,28,?,?,
102,tative,,100,0.63,?,?,0.2,1.72,?,?,?,47,?,895,106,?,?,
103,"fresh, mature",2-00-825,59,0.23,?,0.04,0.07,0.3,?,?,?,16,?,634,36,?,?,
104,,,100,0.4,?,0.06,0.12,0.51,?,?,?,26,?,"1,075.00",61,?,?,
,,,,,,,,,,,,,,,,,,
,,,,,,,,,,,,,,,,,,
Entry Num-ber,Feed Name Description,Interna- tional Feed Number,Dry Mat-ter (%),Cal- cium (%),Chlo- rine (%),Mag-ne-sium (%),Phos-pho-rus (%),Potas-sium (%),So-dium (%),Sul-fur (%),Co-balt (mg/ kg),Cop-per (mg/ kg),Io-dine (mg/ kg),Iron (mg/ kg),Man-ga-nese (mg/ kg),Sele-nium (mg/ kg),Zinc (mg/ kg),
,BREWERS,,,,,,,,,,,,,,,,,
105,"grains, dehy",5-02-141,92,0.3,0.15,0.15,0.51,0.08,0.21,0.3,0.08,21,0.07,245,37,0.7,27,
106,,,100,0.33,0.17,0.16,0.55,0.09,0.23,0.32,0.08,23,0.07,266,40,0.76,30,
107,"grains, wet",5-02-142,21,0.07,0.04,0.03,0.12,0.02,0.05,0.07,0.02,5,0.02,56,9,0.16,6,
108,,,100,0.33,0.17,0.16,0.55,0.09,0.23,0.32,0.1,23,0.07,266,40,0.76,30,
,,,,,,,,,,,,,,,,,,
,BROME Bromus,,,,,,,,,,,,,,,,,
,spp,,,,,,,,,,,,,,,,,
109,"fresh, early",2-00-892,34,0.17,?,0.06,0.1,0.78,0.01,0.07,?,?,?,68,?,?,?,
110,vegetative,,100,0.5,?,0.18,0.3,2.3,0.02,0.2,?,?,?,200,?,?,?,
111,"fresh, mature",2-00-898,57,0.11,?,0.1,0.15,0.71,0.01,0.11,?,?,?,113,?,?,?,
112,,,100,0.2,?,0.18,0.26,1.25,0.02,0.2,?,?,?,200,?,?,?,
113,"hay, sun-cured",1-00-890,91,0.31,?,0.09,0.17,1.74,0.02,0.18,?,?,?,181,?,?,?,
114,,,100,0.35,?,0.09,0.19,1.93,0.02,0.2,?,?,?,200,?,?,?,
115,"hay, sun-cured,",1-00-887,88,0.28,?,0.08,0.33,2.04,0.02,0.18,?,?,?,?,?,?,?,
116,late vegetative,,100,0.32,?,0.09,0.37,2.32,0.02,0.2,?,?,?,?,?,?,?,
117,"hay, sun-cured,",1-00-888,89,0.27,?,0.08,0.31,2.06,0.02,0.18,?,?,?,?,?,?,?,
118,late bloom,,100,0.3,?,0.09,0.35,2.32,0.02,0.2,?,?,?,?,?,?,?,
,,,,,,,,,,,,,,,,,,
,"BROME, CHEAT-",,,,,,,,,,,,,,,,,
,GRASS Bromus,,,,,,,,,,,,,,,,,
,tectorum,,,,,,,,,,,,,,,,,
119,"fresh, early",2-00-908,22,0.14,?,?,0.06,?,?,?,?,?,?,?,?,?,?,
120,vegetative,,100,0.64,?,?,0.28,?,?,?,?,?,?,?,?,?,?,
,,,,,,,,,,,,,,,,,,
,"BROME, SMOOTH",,,,,,,,,,,,,,,,,
,Bromus inermis,,,,,,,,,,,,,,,,,
121,"fresh, early",2-00-956,30,0.16,?,0.09,0.13,0.93,?,?,?,?,?,?,?,?,?,
122,vegetative,,100,0.55,?,0.32,0.45,3.16,?,?,?,?,?,?,?,?,?,
123,"fresh, mature",2-08-364,55,0.14,?,?,0.09,?,?,?,?,1,?,?,?,?,?,
124,,,100,0.26,?,?,0.16,?,?,?,?,2,?,?,?,?,?,
125,"hay, sun-cured",1-00-947,90,0.25,0.32,0.17,0.2,2.06,0.02,0.17,0.08,9,?,110,54,0.47,26,
126,,,100,0.28,0.35,0.18,0.22,2.28,0.02,0.19,0.09,10,?,122,59,52,29,
,,,,,,,,,,,,,,,,,,
,BROOMCORN MILLET?,,,,,,,,,,,,,,,,,
,"SEE MILLET, PROSO",,,,,,,,,,,,,,,,,
,,,,,,,,,,,,,,,,,,
,BUCKWHEAT,,,,,,,,,,,,,,,,,
,COMMON Fa-,,,,,,,,,,,,,,,,,
,gopyrum sagitta-,,,,,,,,,,,,,,,,,
,tum,,,,,,,,,,,,,,,,,
127,grain,4-00-994,88,0.1,0.04,0.1,0.33,0.45,0.05,0.14,0.05,9,?,44,34,?,9,
128,,,100,0.11,0.05,0.12,0.37,0.51,0.06,0.16,0.06,11,?,50,38,?,10,
,,,,,,,,,,,,,,,,,,
,BUTTERMILK,,,,,,,,,,,,,,,,,
129,condensed,5-01-159,29,0.42,0.13,0.15,0.3,0.26,0.26,0.03,?,0,?,3,1,?,13,
130,(Cattle),,100,1.44,0.43,0.52,1.01,0.9,0.9,0.09,?,1,?,9,4,?,44,
131,dehy (Cattle),5-01-160,92,1.33,0.4,0.48,0.94,0.83,0.83,0.08,?,1,?,8,3,?,40,
132,,,100,1.44,0.43,0.52,1.01,0.9,0.9,0.09,?,1,?,9,4,?,44,
,,,,,,,,,,,,,,,,,,
,CANARYGRASS,,,,,,,,,,,,,,,,,
,REED Phalaris,,,,,,,,,,,,,,,,,
,arundinacea,,,,,,,,,,,,,,,,,
133,fresh,2-01-113,27,0.11,?,?,0.09,0.97,?,?,?,?,?,?,?,?,?,
134,,,100,0.41,?,?,0.35,3.64,?,?,?,?,?,?,?,?,?,
Entry Num-ber,Feed Name Description,Interna- tional Feed Number,Dry Mat-ter (%),Cal- cium (%),Chlo- rine (%),Mag-ne-sium (%),Phos-pho-rus (%),Potas-sium (%),So-dium (%),Sul-fur (%),Co-balt (mg/ kg),Cop-per (mg/ kg),Io-dine (mg/ kg),Iron (mg/ kg),Man-ga-nese (mg/ kg),Sele-nium (mg/ kg),Zinc (mg/ kg),
,,,,,,,,,,,,,,,,,,
135,"hay, sun-cured",1-01-104,91,0.35,?,0.27,0.23,2.51,0.13,?,0.02,11,?,137,108,?,?,
136,,,100,0.38,?,0.29,0.25,2.76,0.14,?,0.02,12,?,150,118,?,?,
,,,,,,,,,,,,,,,,,,
,CARROT Daucus,,,,,,,,,,,,,,,,,
,spp,,,,,,,,,,,,,,,,,
137,"roots, fresh",4-01-145,12,0.05,0.06,0.02,0.04,0.33,0.12,0.02,?,1,?,14,4,?,?,
138,,,100,0.4,0.5,0.2,0.35,2.8,1.04,0.17,?,10,?,120,31,?,?,
,,,,,,,,,,,,,,,,,,
,CASEIN,,,,,,,,,,,,,,,,,
139,dehy (cattle),5-01-162,91,0.61,?,0.01,0.82,0.01,0.01,?,?,4,?,14,4,?,27,
140,,,100,0.67,?,0.01,0.9,0.01,0.01,?,?,4,?,15,5,?,30,
,,,,,,,,,,,,,,,,,,
,"CASSAVA, COM-",,,,,,,,,,,,,,,,,
,MON Manihot,,,,,,,,,,,,,,,,,
,esculenta,,,,,,,,,,,,,,,,,
141,"tubers, dehy",4-09-598,88,0.25,?,?,0.17,0.23,?,?,?,?,?,8,18,?,?,
142,,,100,0.28,?,?,0.19,0.26,?,?,?,?,?,9,20,?,?,
,,,,,,,,,,,,,,,,,,
,CATTLE Bos,,,,,,,,,,,,,,,,,
,taurus,,,,,,,,,,,,,,,,,
,buttermilk?see,,,,,,,,,,,,,,,,,
,Buttermilk ,,,,,,,,,,,,,,,,,
143,"livers, fresh",5-01-166,28,0.01,?,0.01,0.23,0.2,0.1,?,?,6,?,46,3,?,27,
144,,,100,0.04,?,0.04,0.82,0.72,0.35,?,?,22,?,165,10,?,95,
145,"lungs, fresh",5-07-941,21,0.01,?,0.01,0.15,0.07,0.15,?,0.09,1,0.07,69,0,0.07,12,
146,,,100,0.06,?,0.03,0.69,0.33,0.69,?,0.42,5,0.31,322,0,0.35,55,
147,"manure, dehy",1-01-190,94,1.44,?,0.43,0.95,0.62,?,1.68,?,34,?,"2,068.00",203,?,224,
148,,,100,1.52,?,0.46,1.01,0.65,?,1.78,?,36,?,"2,190.00",215,?,237,
,milk?see Milk,,,,,,,,,,,,,,,,,
,skim milk?see,,,,,,,,,,,,,,,,,
,Milk ,,,,,,,,,,,,,,,,,
149,"spleens, fresh",5-07-942,24,0.01,?,0.01,0.27,0.22,0.14,?,0.24,0,0.18,407,?,?,19,
150,,,100,0.02,?,0.05,1.13,0.91,0.58,?,1,1,0.76,"1,691.00",?,?,81,
151,"udders, fresh",5-07-943,20,0.53,?,0.02,0.28,0.16,0.12,?,0.31,1,?,21,1,0.11,21,
152,,,100,2.62,?,0.08,1.37,0.79,0.58,?,1.53,3,?,102,3,0.54,104,
,,,,,,,,,,,,,,,,,,
,CEREALS,,,,,,,,,,,,,,,,,
153,screenings,4-02-156,90,0.33,?,0.12,0.35,0.3,0.4,?,?,?,?,?,44,?,?,
154,,,100,0.37,?,0.14,0.39,0.34,0.45,?,?,?,?,?,49,?,?,
155,screenings refuse,4-02-151,91,0.29,?,0.22,0.34,0.18,0.25,0.3,?,?,?,245,?,0.65,?,
156,,,100,0.32,?,0.24,0.37,0.2,0.28,0.33,?,?,?,270,?,0.72,?,
157,screenings,4-02-153,92,0.37,?,0.21,0.41,0.18,0.26,0.3,?,5,?,248,?,0.8,34,
158,uncleaned,,100,0.4,?,0.23,0.45,0.2,0.28,0.33,?,5,?,270,?,0.87,37,
,,,,,,,,,,,,,,,,,,
,CHICKEN Gallus,,,,,,,,,,,,,,,,,
,domesticus,,,,,,,,,,,,,,,,,
159,"broilers, whole,",5-07-945,24,0.01,?,?,0.2,?,?,?,?,?,?,20,?,?,?,
160,fresh,,100,0.04,?,?,0.82,?,?,?,?,?,?,81,?,?,?,
161,"eggs with shells,",5-01-213,43,9.55,?,?,0.14,?,?,?,?,?,?,?,?,?,?,
162,fresh,,100,22.2,?,?,0.33,?,?,?,?,?,?,?,?,?,?,
163,"feet, fresh",5-07-947,33,2.1,?,0.03,0.76,0.08,0.12,?,2.02,1,0.12,31,1,?,16,
164,,,100,6.45,?,0.1,2.33,0.26,0.38,?,6.22,2,0.37,96,2,?,49,
165,"gizzards, fresh",5-07-948,25,0.01,?,?,0.11,0.27,0.07,?,?,?,?,29,?,?,?,
166,,,100,0.04,?,?,0.42,0.96,0.26,?,?,?,?,116,?,?,?,
Entry Num-ber,Feed Name Description,Interna- tional Feed Number,Dry Mat-ter (%),Cal- cium (%),Chlo- rine (%),Mag-ne-sium (%),Phos-pho-rus (%),Potas-sium (%),So-dium (%),Sul-fur (%),Co-balt (mg/ kg),Cop-per (mg/ kg),Io-dine (mg/ kg),Iron (mg/ kg),Man-ga-nese (mg/ kg),Sele-nium (mg/ kg),Zinc (mg/ kg),
,,,,,,,,,,,,,,,,,,
167,"hens, carcass,",5-08-095,33,0.01,?,?,0.19,?,?,?,?,?,?,17,?,?,?,
168,fresh,,100,0.04,?,?,0.6,?,?,?,?,?,?,52,?,?,?,
169,"hens, whole, fresh",5-07-950,33,0.01,?,0.07,0.19,0.1,0.27,?,?,?,?,?,?,?,?,
170,,,100,0.03,?,0.22,0.59,0.31,0.83,?,?,?,?,?,?,?,?,
,,,,,,,,,,,,,,,,,,
,CITRUS Citrus,,,,,,,,,,,,,,,,,
,spp,,,,,,,,,,,,,,,,,
171,pulp fines (Dried,4-01-235,91,1.98,?,0.16,0.11,0.62,0.1,?,?,6,?,164,7,?,15,
172,citrus meal),,100,2.17,?,0.18,0.12,0.68,0.11,?,?,7,?,180,8,?,16,
173,"pulp , silage",3-01-234,21,0.43,?,0.03,0.03,0.13,0.02,0,?,?,?,33,?,?,3,
174,,,100,2.04,?,0.16,0.15,0.62,0.09,0.02,?,?,?,160,?,?,16,
175,pulp without,4-01-237,91,1.67,?,0.16,0.11,0.72,0.08,0.08,0.14,6,?,345,7,?,14,
176,"fines, dehy",,100,1.84,?,0.17,0.12,0.79,0.09,0.08,0.16,6,?,378,7,?,15,
,(Dried citrus,,,,,,,,,,,,,,,,,
,pulp),,,,,,,,,,,,,,,,,
,syrup?see Molas-,,,,,,,,,,,,,,,,,
,ses and syrup,,,,,,,,,,,,,,,,,
,,,,,,,,,,,,,,,,,,
,"CLOVER, ALSIKE",,,,,,,,,,,,,,,,,
,Trifolium hy-,,,,,,,,,,,,,,,,,
,bridum,,,,,,,,,,,,,,,,,
177,fresh,2-01-316,23,0.3,0.18,0.07,0.06,0.6,0.11,0.04,?,1,?,104,27,?,?,
178,,,100,1.32,0.77,0.31,0.28,2.62,0.46,0.17,?,6,?,455,117,?,?,
179,"hay, sun-dured",1-01-313,88,1.13,0.69,0.36,0.23,2.17,0.4,0.17,?,5,?,228,61,?,?,
180,,,100,1.29,0.78,0.41,0.26,2.46,0.46,0.19,?,6,?,260,69,?,?,
,,,,,,,,,,,,,,,,,,
,"CLOVER, CRIM",,,,,,,,,,,,,,,,,
,SON Trifolium ,,,,,,,,,,,,,,,,,
,incarnatum,,,,,,,,,,,,,,,,,
181,fresh,2-01-336,17,0.23,0.1,0.05,0.06,0.43,0.07,0.05,?,?,?,31,?,?,?,
182,,,100,1.33,0.61,0.29,0.32,2.51,0.4,0.28,?,?,?,180,?,?,?,
183,"hay, sun-cured",1-01-328,87,1.22,0.55,0.24,0.19,2.09,0.34,0.24,?,?,0.06,610,149,?,?,
184,,,100,1.4,0.63,0.28,0.22,2.4,0.39,0.28,?,?,0.07,700,171,?,?,
,,,,,,,,,,,,,,,,,,
,"CLOVER, LA-",,,,,,,,,,,,,,,,,
,DINO Tri-,,,,,,,,,,,,,,,,,
,folium repens,,,,,,,,,,,,,,,,,
185,fresh,2-01-383,21,0.27,?,0.08,0.08,0.54,0.03,0.03,?,?,?,77,15,?,?,
186,,,100,1.27,?,0.37,0.35,2.56,0.12,0.12,?,?,?,361,72,?,?,
187,"hay, sun-cured",1-01-378,90,1.21,0.27,0.43,0.28,2.35,0.12,0.19,0.15,9,0.27,370,85,?,15,
188,,,100,1.35,0.3,0.48,0.31,2.62,0.13,0.21,0.16,10,0.3,413,65,?,17,
,,,,,,,,,,,,,,,,,,
,"CLOVER, RED",,,,,,,,,,,,,,,,,
, Trifolium pra-,,,,,,,,,,,,,,,,,
,tense,,,,,,,,,,,,,,,,,
189,fresh,2-01-434,23,0.4,0.18,0.11,0.08,0.53,0.05,0.04,0.03,2,?,72,29,?,?,
190,,,100,1.71,0.77,0.48,0.35,2.28,0.2,0.17,0.14,9,?,307,123,?,?,
191,"fresh, regrowth",2-28-255,18,0.3,?,0.09,0.07,0.44,0.04,0.03,?,?,?,54,?,?,?,
192,early vegetative,,100,1.64,?,0.51,0.36,2.44,0.2,0.17,?,?,?,300,?,?,?,
193,"hay, sun-cured",1-01-415,89,1.35,0.28,0.38,0.22,1.44,0.16,0.15,0.14,10,0.22,163,65,?,15,
194,,,100,1.53,0.32,0.43,0.25,1.62,0.19,0.17,0.16,11,0.25,184,73,?,17,
,,,,,,,,,,,,,,,,,,
,COCONUT Cocos,,,,,,,,,,,,,,,,,
,nucifera,,,,,,,,,,,,,,,,,
195,"meats, meal mech",5-01-572,92,0.2,?,0.31,0.61,1.5,0.04,0.34,0.13,14,?,"1,524.00",65,?,?,
196,extd (Copra,,100,0.22,?,0.33,0.66,1.62,0.04,0.36,0.14,15,?,"1,641.00",71,?,?,
,meal),,,,,,,,,,,,,,,,,
Entry Num-ber,Feed Name Description,Interna- tional Feed Number,Dry Mat-ter (%),Cal- cium (%),Chlo- rine (%),Mag-ne-sium (%),Phos-pho-rus (%),Potas-sium (%),So-dium (%),Sul-fur (%),Co-balt (mg/ kg),Cop-per (mg/ kg),Io-dine (mg/ kg),Iron (mg/ kg),Man-ga-nese (mg/ kg),Sele-nium (mg/ kg),Zinc (mg/ kg),
,,,,,,,,,,,,,,,,,,
197,"meats, meal solv",5-01-573,91,0.17,0.03,0.33,0.6,1.49,0.04,0.34,0.13,9,?,683,65,?,?,
198,extd (Copra,,100,0.19,0.03,0.36,0.66,1.63,0.04,0.37,0.14,10,?,750,72,?,?,
,meal),,,,,,,,,,,,,,,,,
,,,,,,,,,,,,,,,,,,
,COFFEE Coffea,,,,,,,,,,,,,,,,,
,spp,,,,,,,,,,,,,,,,,
199,fruit with hulls,1-09-648,89,0.29,?,?,0.69,?,?,?,?,?,?,?,?,?,?,
200,"without seeds, ",,100,0.33,?,?,0.77,?,?,?,?,?,?,?,?,?,?,
,dehy (Coffee,,,,,,,,,,,,,,,,,
,pulp with hulls),,,,,,,,,,,,,,,,,
201,fruit without,1-09-734,87,0.55,?,?,0.12,2.6,0.11,?,?,5,?,149,6,?,4,
202,"seeds, dehy",,100,0.63,?,?,0.13,2.99,0.12,?,?,6,?,172,7,?,5,
,(Coffee pulp),,,,,,,,,,,,,,,,,
203,"grounds, wet",1-01-576,74,0.09,?,?,0.06,?,?,?,?,?,?,?,?,?,?,
204,,,100,0.12,?,?,0.08,?,?,?,?,?,?,?,?,?,?,
,CORN Zea mays,,,,,,,,,,,,,,,,,
,grain?see Corn,,,,,,,,,,,,,,,,,
,"grain, dent",,,,,,,,,,,,,,,,,
,"white, dent",,,,,,,,,,,,,,,,,
,"yellow, or flint",,,,,,,,,,,,,,,,,
,,,,,,,,,,,,,,,,,,
,"CORN, DENT",,,,,,,,,,,,,,,,,
,YELLOW Zea,,,,,,,,,,,,,,,,,
,mays indentata,,,,,,,,,,,,,,,,,
205,aerial part with,1-28-231,81,0.41,0.15,0.24,0.2,0.76,0.02,0.11,?,6,?,81,55,?,?,
206,"ears, sun-cured",,100,0.5,0.19,0.29,0.25,0.93,0.03,0.14,?,8,?,100,68,?,?,
,(Fodder),,,,,,,,,,,,,,,,,
207,aerial part with-,1-28-233,85,0.49,?,0.34,0.08,1.24,0.06,0.15,?,4,?,179,116,?,?,
208,out ears with-,,100,0.57,?,0.4,0.1,1.45,0.07,0.17,?,5,?,210,136,?,?,
,"out mhusks, sun-",,,,,,,,,,,,,,,,,
,cured (Stover),,,,,,,,,,,,,,,,,
,(Straw),,,,,,,,,,,,,,,,,
209,"cobs, ground",1-28-234,90,0.11,?,0.06,0.04,0.79,0.42,0.42,0.12,7,?,208,6,?,?,
210,,,100,0.12,?,0.07,0.04,0.87,0.47,0.47,0.13,7,?,230,6,?,?,
211,"distillers graains, ",5-28-235,94,0.1,0.07,0.07,0.4,0.17,0.09,0.43,0.08,45,0.04,209,22,0.45,33,
212,dehy,,100,0.11,0.08,0.07,0.43,0.18,0.1,0.46,0.09,48,0.05,223,23,0.48,35,
213,distillers graains,5-28-236,92,0.14,0.17,0.16,65,0.4,0.53,0.31,0.17,53,?,237,23,0.39,?,
214,"with solubes,",,100,0.15,0.18,0.18,0.71,0.44,0.57,0.33,0.18,58,?,259,25,0.42,?,
,dehy,,,,,,,,,,,,,,,,,
215,"distillers solubles, ",5-28-237,93,0.33,0.26,0.6,1.27,1.67,0.23,0.37,0.2,83,0.11,566,74,0.33,85,
216,dehy,,100,0.35,0.28,0.65,1.37,1.8,0.25,0.4,0.21,89,0.12,610,80,0.36,92,
217,"ears, ground",4-28-238,87,0.06,0.04,0.12,0.24,0.46,0.02,0.14,0.27,7,0.02,79,12,0.07,12,
218,(Corn and cob,,100,0.07,0.05,0.14,0.27,0.53,0.02,0.16,0.31,8,0.03,91,14,0.09,14,
,meal),,,,,,,,,,,,,,,,,
219,"ears with husks,",3-28-239,44,0.04,?,0.05,0.13,0.22,0,0.06,?,?,?,35,?,?,?,
220,silage,,100,0.1,?,0.12,0.29,0.49,0.01,0.13,?,?,?,80,?,?,?,
221,"germs, meal wet",5-28-240,91,0.04,0.04,0.31,0.43,0.28,0.07,0.3,?,4,?,337,4,0.34,104,
222,milled solv extd,,100,0.04,0.04,0.34,0.47,0.31,0.08,0.33,?,5,?,370,4,0.37,114,
223,"gluten, meal",5-28-241,91,0.15,0.06,0.06,0.45,0.03,0.09,0.35,0.08,28,?,386,8,1.01,174,
224,,,100,0.16,0.07,0.06,0.5,0.03,0.1,0.39,0.08,30,?,423,8,1.11,190,
225,"gluten, meal,",5-28-242,90,0.07,0.09,0.08,0.48,0.19,0.06,0.65,0.05,26,0.02,282,7,0.83,31,
226,60% protein,,100,0.08,0.1,0.09,0.54,0.21,0.06,0.72,0.05,29,0.02,313,7,0.92,35,
227,gluten with bran,5-28-243,90,0.33,0.22,0.33,0.74,0.57,0.94,0.21,0.09,47,0.07,424,23,0.27,65,
228,(Corn gluten,,100,0.36,0.25,0.36,0.82,0.64,1.05,0.23,0.1,52,0.07,471,26,0.3,72,
,feed),,,,,,,,,,,,,,,,,
229,grain,4-02-935,89,0.03,0.04,0.12,0.26,0.33,0.03,0.11,0.05,4,?,27,5,0.07,13,
230,,,100,0.03,0.05,0.14,0.29,0.37,0.03,0.12,0.05,4,?,30,5,0.08,14,
Entry Num-ber,Feed Name Description,Interna- tional Feed Number,Dry Mat-ter (%),Cal- cium (%),Chlo- rine (%),Mag-ne-sium (%),Phos-pho-rus (%),Potas-sium (%),So-dium (%),Sul-fur (%),Co-balt (mg/ kg),Cop-per (mg/ kg),Io-dine (mg/ kg),Iron (mg/ kg),Man-ga-nese (mg/ kg),Sele-nium (mg/ kg),Zinc (mg/ kg),
,,,,,,,,,,,,,,,,,,
231,"grain, high",4-20-770,77,0.01,0.04,0.11,0.25,0.27,0.01,0.11,?,3,?,23,5,?,14,
232,moisture,,100,0.02,0.05,0.14,0.32,0.35,0.01,0.14,?,4,?,30,6,?,18,
233,"grain, opaque 2",4-28-253,90,0.03,?,0.13,0.2,0.35,?,0.1,?,?,?,?,?,?,?,
234,(High lysine),,100,0.03,?,0.14,0.22,0.39,?,0.11,?,?,?,?,?,?,?,
235,grits (Hominy,4-03-010,88,0.01,0.05,0.02,0.09,0.08,0.01,0.17,?,?,?,15,?,?,?,
236,grits),,100,0.01,0.06,0.02,0.1,0.09,0.01,0.19,?,?,?,17,?,?,?,
237,grits by-product,4-03-011,90,0.05,0.05,0.24,0.52,0.59,0.08,0.03,0.05,14,?,67,15,0.1,3,
238,(Hominy feed),,100,0.05,0.06,0.26,0.57,0.65,0.09,0.03,0.06,15,?,75,16,0.11,3,
239,silage,3-02-912,30,0.09,0.05,0.06,0.08,0.36,0.01,0.04,0.03,3,?,48,12,?,6,
240,,,100,0.29,0.18,0.21,0.26,1.18,0.02,0.13,0.1,9,?,160,39,?,21,
241,"silage, aerial part",3-28-251,31,0.12,?,0.1,0.09,0.47,0.01,0.03,?,?,?,?,?,?,?,
242,without ears,,100,0.38,?,0.31,0.31,1.54,0.03,0.11,?,?,?,?,?,?,?,
,without husks,,,,,,,,,,,,,,,,,
,(Stalklage),,,,,,,,,,,,,,,,,
,(Stover),,,,,,,,,,,,,,,,,
243,"silage, few ears",3-28-245,29,0.1,?,0.07,0.06,0.41,?,0.02,?,?,?,?,?,?,?,
244,,,100,0.34,?,0.23,0.19,1.41,?,0.08,?,?,?,?,?,?,?,
245,"silage, wekk eared",3-28-250,33,0.08,?,0.06,0.07,0.32,0,0.05,0.02,3,?,87,10,?,7,
246,,,100,0.23,?,0.19,0.22,0.96,0.01,0.15,0.06,10,?,260,30,?,21,
247,"silage, milk stage",3-08-402,22,0.09,?,0.09,0.07,0.35,0,?,?,?,?,?,?,?,?,
248,,,100,0.41,?,0.41,0.29,1.57,0.01,?,?,?,?,?,?,?,?,
249,"silage, gough",3-28-246,26,0.07,?,0.05,0.05,0.25,0,0.04,?,?,?,48,?,?,?,
250,stage,,100,0.27,?,0.18,0.19,0.95,0.01,0.14,?,?,?,180,?,?,?,
,,,,,,,,,,,,,,,,,,
,"CORN, DENT",,,,,,,,,,,,,,,,,
,WHITE Zea,,,,,,,,,,,,,,,,,
,mays indentata,,,,,,,,,,,,,,,,,
251,"grits, by-product",4-02-990,90,0.03,?,0.23,0.69,0.64,0.07,0.03,0.02,13,?,71,14,?,?,
252,(Hominy feed),,100,0.04,?,0.26,0.77,0.71,0.08,0.03,0.02,15,?,79,15,?,?,
,,,,,,,,,,,,,,,,,,
,"CORN, FLINT",,,,,,,,,,,,,,,,,
,Zea mays in-,,,,,,,,,,,,,,,,,
,durata,,,,,,,,,,,,,,,,,
253,grain,4-02-948,89,?,?,?,0.27,0.32,?,?,?,12,?,27,7,?,?,
254,,,100,?,?,?,0.31,0.36,?,?,?,13,?,30,8,?,?,
,,,,,,,,,,,,,,,,,,
,"CORN, SWEET",,,,,,,,,,,,,,,,,
,Zea mays sac-,,,,,,,,,,,,,,,,,
,charata,,,,,,,,,,,,,,,,,
255,"process residue,",2-02-975,77,0.23,?,0.18,0.55,0.88,0.02,0.1,?,5,?,154,?,?,?,
256,fresh,,100,0.3,?,0.24,0.72,1.15,0.03,0.13,?,7,?,200,?,?,?,
257,"process residue,",3-07-955,32,0.1,?,0.08,0.29,0.36,0.01,0.04,?,?,?,63,?,?,?,
258,silage,,100,0.3,?,0.24,0.9,1.15,0.03,0.11,?,?,?,200,?,?,?,
,,,,,,,,,,,,,,,,,,
,COTTON Gas-,,,,,,,,,,,,,,,,,
,sypium spp,,,,,,,,,,,,,,,,,
259,"bolls, sun-cured",1-01-596,92,0.83,?,0.26,0.11,2.5,?,?,?,?,?,?,?,?,?,
260,,,100,0.9,?,0.28,0.12,2.73,?,?,?,?,?,?,?,?,?,
261,hulls,1-01-599,91,0.13,0.02,0.13,0.09,0.79,0.02,0.08,0.02,12,?,119,108,?,20,
262,,,100,0.15,0.02,0.14,0.09,0.87,0.02,0.09,0.02,0.1,?,131,119,?,22,
263,"seeds, with lint",5-01-614,92,0.14,?,0.32,0.68,1.11,0.29,0.24,?,50,?,138,10,?,?,
264,,,100,0.16,?,0.35,0.75,1.21,0.31,0.26,?,54,?,151,10,?,?,
265,"seeds, meal mech",5-01-609,93,0.2,0.02,0.53,0.9,1.26,0.04,0.24,0.15,21,?,139,22,?,?,
266,extd (Whole,,100,0.21,0.02,0.57,0.97,1.35,0.04,0.26,0.16,23,?,150,24,?,?,
,pressed cotton-,,,,,,,,,,,,,,,,,
,seed),,,,,,,,,,,,,,,,,
Entry Num-ber,Feed Name Description,Interna- tional Feed Number,Dry Mat-ter (%),Cal- cium (%),Chlo- rine (%),Mag-ne-sium (%),Phos-pho-rus (%),Potas-sium (%),So-dium (%),Sul-fur (%),Co-balt (mg/ kg),Cop-per (mg/ kg),Io-dine (mg/ kg),Iron (mg/ kg),Man-ga-nese (mg/ kg),Sele-nium (mg/ kg),Zinc (mg/ kg),
,,,,,,,,,,,,,,,,,,
267,"seeds, meal mech",5-01-625,92,0.18,?,0.53,0.96,1.35,0.04,0.26,0.15,19,?,181,23,?,?,
268,"extd, 36%",,100,0.2,?,0.58,1.04,1.46,0.05,0.28,0.16,20,?,197,25,?,?,
,protein,,,,,,,,,,,,,,,,,
269,"seeds, meal mech",5-01-617,93,0.19,0.04,0.54,1.08,1.34,0.04,0.4,0.16,19,?,182,22,?,64,
270,"extd, 41%",,100,0.21,0.05,0.58,1.16,1.45,0.05,0.43,0.17,20,?,197,24,?,69,
,protein,,,,,,,,,,,,,,,,,
271,"seeds, meal pre-",5-07-872,91,0.2,0.04,0.5,1.09,1.26,0.04,0.31,0.74,18,?,202,20,?,63,
272,pressed solv,,100,0.22,0.04,0.55,1.21,1.39,0.04,0.34,0.82,20,?,223,23,?,69,
,"extd, 41%",,,,,,,,,,,,,,,,,
,protein,,,,,,,,,,,,,,,,,
273,"seeds, meal pre-",5-07-873,91,0.15,?,?,0.91,?,?,?,?,?,?,?,?,?,?,
274,pressed solv,,100,0.17,?,?,1,?,?,?,?,?,?,?,?,?,?,
,"extd, 44%",,,,,,,,,,,,,,,,,
,protein,,,,,,,,,,,,,,,,,
275,"seeds, meal solv",5-01-621,91,0.17,0.05,0.54,1.1,1.39,0.04,0.26,0.15,20,?,208,21,?,61,
276,"extd, 41%",,100,0.18,0.05,0.59,1.21,1.52,0.05,0.28,0.17,22,?,228,23,?,68,
,protein,,,,,,,,,,,,,,,,,
277,seeds without,5-07-874,93,0.18,0.05,0.46,1.16,1.45,0.05,0.52,0.04,15,?,112,23,?,74,
278,"hulls, meal",,100,0.19,0.05,0.5,1.24,1.56,0.06,0.56,0.05,16,?,120,25,?,79,
,pressed solv,,,,,,,,,,,,,,,,,
,"extd, 50%",,,,,,,,,,,,,,,,,
,protein,,,,,,,,,,,,,,,,,
,,,,,,,,,,,,,,,,,,
,"COWPEA, COM-",,,,,,,,,,,,,,,,,
,MON Vigna,,,,,,,,,,,,,,,,,
,sinensis,,,,,,,,,,,,,,,,,
279,"hay, sun-cured",1-01-645,90,1.26,0.15,0.41,0.31,2.03,0.24,0.32,0.06,?,?,270,?,?,?,
280,,,100,1.4,0.17,0.45,0.35,2.26,0.27,0.35,0.07,?,?,300,?,?,?,
,,,,,,,,,,,,,,,,,,
,CRAB Callinectes,,,,,,,,,,,,,,,,,
,sapidus-Cancer,,,,,,,,,,,,,,,,,
,spp,,,,,,,,,,,,,,,,,
281,"process residue,",5-01-663,92,14.56,1.51,0.94,1.59,0.45,0.88,0.25,?,33,0.56,"4,356.00",133,?,?,
282,meal (Crab,,100,15.77,1.63,1.02,1.72,0.49,0.95,0.27,?,35,0.6,"4,719.00",144,?,?,
,meal),,,,,,,,,,,,,,,,,
,,,,,,,,,,,,,,,,,,
,DISTILLERS GRAINS?,,,,,,,,,,,,,,,,,
,"SEE CORN, SEE SORGHUM",,,,,,,,,,,,,,,,,
,,,,,,,,,,,,,,,,,,
,"DROPSEED,",,,,,,,,,,,,,,,,,
,SAND Sporobo-,,,,,,,,,,,,,,,,,
,lus cryptandrus,,,,,,,,,,,,,,,,,
283,"fresh, stem-cured",2-05-596,88,0.51,?,?,0.05,?,?,?,?,?,?,?,?,?,?,
284,,,100,0.57,?,?,0.06,?,?,?,?,?,?,?,?,?,?,
,,,,,,,,,,,,,,,,,,
,EMMER Triticum,,,,,,,,,,,,,,,,,
,dicoccum,,,,,,,,,,,,,,,,,
285,grain,4-01-830,91,0.05,?,?,0.36,0.47,?,?,?,31,?,54,78,?,?,
286,,,100,0.06,?,?,0.4,0.52,?,?,?,35,?,60,86,?,?,
,,,,,,,,,,,,,,,,,,
,FESCUE Festuca,,,,,,,,,,,,,,,,,
,spp,,,,,,,,,,,,,,,,,
287,"hay, sun-cured,",1-06-132,91,0.46,?,0.2,0.33,2.09,?,?,?,?,?,?,?,?,?,
288,early vegeta-,,100,0.51,?,0.22,0.36,2.3,?,?,?,?,?,?,?,?,?,
,tive (South),,,,,,,,,,,,,,,,,
Entry Num-ber,Feed Name Description,Interna- tional Feed Number,Dry Mat-ter (%),Cal- cium (%),Chlo- rine (%),Mag-ne-sium (%),Phos-pho-rus (%),Potas-sium (%),So-dium (%),Sul-fur (%),Co-balt (mg/ kg),Cop-per (mg/ kg),Io-dine (mg/ kg),Iron (mg/ kg),Man-ga-nese (mg/ kg),Sele-nium (mg/ kg),Zinc (mg/ kg),
,,,,,,,,,,,,,,,,,,
289,"hay, sun-cured",1-13-582,91,0.36,?,0.18,0.31,1.82,?,?,?,?,?,?,?,?,?,
290,late vegetative,,100,0.4,?,0.2,0.34,2,?,?,?,?,?,?,?,?,?,
,(South),,,,,,,,,,,,,,,,,
291,"hay, sun-cured",1-01-871,92,0.28,?,0.18,0.24,1.56,?,?,?,?,?,?,?,?,?,
292,early bloom,,100,0.3,?,0.19,0.26,1.7,?,?,?,?,?,?,?,?,?,
,(South),,,,,,,,,,,,,,,,,
,,,,,,,,,,,,,,,,,,
,"FESCUE, ALTA",,,,,,,,,,,,,,,,,
,Festuca arundi-,,,,,,,,,,,,,,,,,
,nacea,,,,,,,,,,,,,,,,,
293,"hay, sun-cured",1-05-684,81,0.36,?,0.28,0.2,2.23,0.06,?,?,?,?,?,?,?,?,
294,,,100,0.4,?,0.31,0.22,2.45,0.06,?,?,?,?,?,?,?,?,
,,,,,,,,,,,,,,,,,,
,"FESCUE, KEN-",,,,,,,,,,,,,,,,,
,TUCKY 31 Fes-,,,,,,,,,,,,,,,,,
,tuca arundinacea,,,,,,,,,,,,,,,,,
295,"fresh, vegetative",2-01-902,29,0.15,?,?,0.11,?,?,?,?,?,?,?,?,?,?,
296,,,100,0.51,?,?,0.37,?,?,?,?,?,?,?,?,?,?,
,,,,,,,,,,,,,,,,,,
,"FESCUE,",,,,,,,,,,,,,,,,,
,MEADOW Fes-,,,,,,,,,,,,,,,,,
,tuca elatior,,,,,,,,,,,,,,,,,
297,fresh,2-01-920,28,0.17,?,0.1,0.12,0.65,?,?,0.04,1,?,?,?,?,?,
298,,,100,0.61,?,0.37,0.42,2.34,?,?,0.13,4,?,?,?,?,?,
299,"hay, sun-cured",1-01-912,88,0.35,?,0.44,0.27,1.61,?,?,0.12,?,?,?,22,?,?,
300,,,100,0.4,?,0.5,0.31,1.84,?,?,0.14,?,?,?,25,?,?,
,,,,,,,,,,,,,,,,,,
,FISH,,,,,,,,,,,,,,,,,
301,"solubles, con-",5-01-969,50,0.22,2.7,0.03,0.59,1.61,2.34,0.12,0.07,46,1.11,223,13,1.97,44,
302,densed,,100,0.43,5.38,0.06,1.18,3.22,4.67,0.25,0.14,92,2.21,445,27,3.92,87,
303,"solubles, dehy",5-01-971,93,1.29,?,0.3,1.49,0.37,0.37,?,?,?,?,302,50,?,77,
304,,,100,1.39,?,0.32,1.6,0.4,0.4,?,?,?,?,326,54,?,83,
,,,,,,,,,,,,,,,,,,
,"FISH, ALEWIFE",,,,,,,,,,,,,,,,,
,Pomolobus pseu-,,,,,,,,,,,,,,,,,
,doharengus,,,,,,,,,,,,,,,,,
305,meal mech extd,5-09-830,90,3.95,?,0.17,3.18,0.66,0.26,?,?,21,?,680,22,?,110,
306,,,100,6.63,?,0.18,3.54,0.73,0.29,?,?,23,?,756,24,?,122,
,,,,,,,,,,,,,,,,,,
,"FISH, ANCHOVY",,,,,,,,,,,,,,,,,
,Engraulis ringen,,,,,,,,,,,,,,,,,
307,meal mech extd,5-01-985,92,3.75,1,0.25,2.49,0.72,0.88,0.77,0.17,9,3.13,218,11,1.35,105,
308,,,100,4.08,1.08,0.27,2.7,0.78,0.85,0.84,0.19,10,3.41,237,12,1.47,114,
,,,,,,,,,,,,,,,,,,
,"FISH, CARP Cy-",,,,,,,,,,,,,,,,,
,prinus carpio,,,,,,,,,,,,,,,,,
309,"whole, fresh",5-01-986,31,0.07,?,?,0.35,0.4,0.07,?,?,?,?,12,?,?,?,
310,,,100,0.23,?,?,1.14,1.29,0.23,?,?,?,?,40,?,?,?,
,,,,,,,,,,,,,,,,,,
,"FISH, CATFISH",,,,,,,,,,,,,,,,,
,letalurus spp,,,,,,,,,,,,,,,,,
311,"cutting, fresh",5-09-832,34,1.87,?,?,?,?,?,?,?,2,?,?,?,?,?,
312,,,100,5.57,?,?,?,?,?,?,?,7,?,?,?,?,?,
313,meal mech extd,5-09-835,92,7.18,?,?,?,?,?,?,?,26,?,?,?,?,?,
314,,,100,7.7,?,?,?,?,?,?,?,28,?,?,?,?,?,
Entry Num-ber,Feed Name Description,Interna- tional Feed Number,Dry Mat-ter (%),Cal- cium (%),Chlo- rine (%),Mag-ne-sium (%),Phos-pho-rus (%),Potas-sium (%),So-dium (%),Sul-fur (%),Co-balt (mg/ kg),Cop-per (mg/ kg),Io-dine (mg/ kg),Iron (mg/ kg),Man-ga-nese (mg/ kg),Sele-nium (mg/ kg),Zinc (mg/ kg),
,,,,,,,,,,,,,,,,,,
,"FISH, HAKE",,,,,,,,,,,,,,,,,
,Merluccius spp-,,,,,,,,,,,,,,,,,
,Uraphycis spp,,,,,,,,,,,,,,,,,
315,"whole, fresh",5-07-969,20,0.61,?,?,0.39,?,?,?,?,?,?,?,?,?,?,
316,,,100,3.06,?,?,1.93,?,?,?,?,?,?,?,?,?,?,
,,,,,,,,,,,,,,,,,,
,"FISH, HERRING",,,,,,,,,,,,,,,,,
,Clupea harengus,,,,,,,,,,,,,,,,,
317,meal mech extd,5-02-000,92,2.2,0.99,0.15,1.68,1.08,0.6,0.46,0.05,6,0.53,125,6,1.9,131,
318,,,100,2.4,1.08,0.16,1.82,1.17,0.66,0.5,0.06,6,0.57,136,6,2.07,143,
319,"who, fresh",5-01-999,26,?,?,?,0.25,0.53,0.09,?,?,?,?,13,?,?,?,
320,,,100,?,?,?,0.96,2.04,0.36,?,?,?,?,50,?,?,?,
,,,,,,,,,,,,,,,,,,
,"FISH, MACKEREL,",,,,,,,,,,,,,,,,,
,ATLANTIC,,,,,,,,,,,,,,,,,
,Scomberr scombrus,,,,,,,,,,,,,,,,,
321,"whole, fresh",5-07-971,30,1.1,?,0.03,0.39,0.17,0.17,?,0.09,1,0.23,27,?,?,24,
322,,,100,3.64,?,0.1,1.28,0.55,0.56,?,0.29,3,0.76,90,?,?,78,
,,,,,,,,,,,,,,,,,,
,"FISH, MENHA-",,,,,,,,,,,,,,,,,
,DEN Brevoortia,,,,,,,,,,,,,,,,,
,tyrannus,,,,,,,,,,,,,,,,,
323,meal mech extd,5-02-009,92,5.18,0.55,0.14,2.89,0.7,0.39,0.45,0.15,11,1.09,480,34,2.19,148,
324,,,100,5.65,0.6,0.16,3.16,0.76,0.43,0.49,0.17,12,1.19,324,37,2.4,162,
,,,,,,,,,,,,,,,,,,
,,,,,,,,,,,,,,,,,,
,"FISH, REDFISH",,,,,,,,,,,,,,,,,
,Siaenops ocellata,,,,,,,,,,,,,,,,,
325,meal mech extd,5-07-973,93,6.48,?,?,3.39,?,?,?,?,?,?,?,8,1.77,?,
326,,,100,6.96,?,?,3.64,?,?,?,?,?,?,?,8,1.9,?,
327,"whole, fresh",5-08-191,24,?,?,?,?,0.3,0.07,?,?,?,?,?,?,?,?,
328,,,100,?,?,?,?,1.26,0.3,?,?,?,?,?,?,?,?,
,,,,,,,,,,,,,,,,,,
,"FISH,SALMON",,,,,,,,,,,,,,,,,
,Oncorhynchus,,,,,,,,,,,,,,,,,
,spp-Salmo spp,,,,,,,,,,,,,,,,,
329,meal mech extd,5-02-012,93,5.47,?,?,3.46,?,?,?,0.06,12,?,179,8,1.78,?,
330,,,100,5.88,?,?,3.72,?,?,?,0.07,13,?,193,8,1.91,?,
331,"whole, fresh",5-02-011,36,0.08,?,?,0.25,0.4,0.04,?,?,?,?,10,?,?,?,
332,,,100,0.22,?,?,0.68,1.12,0.11,?,?,?,?,27,?,?,?,
,,,,,,,,,,,,,,,,,,
,"FISH, Sardine",,,,,,,,,,,,,,,,,
,Clupea spp-Sar-,,,,,,,,,,,,,,,,,
,dinops spp,,,,,,,,,,,,,,,,,
333,meal mech extd,5-02-015,93,4.61,0.41,0.1,2.68,0.32,0.18,0.31,0.18,20,?,299,23,1.77,?,
334,,,100,4.95,0.44,0.11,2.88,0.35,0.19,0.33,0.2,0.2,?,321,25,1.9,?,
,,,,,,,,,,,,,,,,,,
,"FISH, SOLE Sol-",,,,,,,,,,,,,,,,,
,eldae (family),,,,,,,,,,,,,,,,,
335,"whole, fresh",5-07-976,20,0.63,?,?,0.39,?,?,?,?,?,?,?,?,?,?,
336,,,100,3.19,?,?,2,?,?,?,?,?,?,?,?,?,?,
,,,,,,,,,,,,,,,,,,
,"FISH, TUNA",,,,,,,,,,,,,,,,,
,Thunnus thymnus-,,,,,,,,,,,,,,,,,
,Thunnus albacares,,,,,,,,,,,,,,,,,
337,meal mech extd,5-02-023,93,7.86,1.01,0.23,4.21,0.72,0.74,0.68,0.18,10,?,355,8,4.3,211,
338,,,100,8.48,1.09,0.25,4.54,0.77,0.8,0.73,0.19,11,?,383,9,4.64,227,
Entry Num-ber,Feed Name Description,Interna- tional Feed Number,Dry Mat-ter (%),Cal- cium (%),Chlo- rine (%),Mag-ne-sium (%),Phos-pho-rus (%),Potas-sium (%),So-dium (%),Sul-fur (%),Co-balt (mg/ kg),Cop-per (mg/ kg),Io-dine (mg/ kg),Iron (mg/ kg),Man-ga-nese (mg/ kg),Sele-nium (mg/ kg),Zinc (mg/ kg),
,"FISH, TURBOT",,,,,,,,,,,,,,,,,
339,"whole, fresh",5-07-978,25,0.31,?,?,0.22,?,?,?,?,?,?,?,?,?,?,
340,,,100,1.24,?,?,0.88,?,?,?,?,?,?,?,?,?,?,
,,,,,,,,,,,,,,,,,,
,"FISH, WHITE",,,,,,,,,,,,,,,,,
,Gadidae (family)-,,,,,,,,,,,,,,,,,
,Lophiidae (fam-,,,,,,,,,,,,,,,,,
,ily),,,,,,,,,,,,,,,,,
341,meal mech extd,5-02-025,91,7.31,0.5,0.18,3.81,0.83,0.78,0.48,?,6,?,181,12,1.62,90,
342,,,100,8.02,0.55,0.2,4.17,0.91,0.85,0.53,?,6,?,199,14,1.77,98,
,,,,,,,,,,,,,,,,,,
,FLAX Linum usi-,,,,,,,,,,,,,,,,,
,tatissimum,,,,,,,,,,,,,,,,,
342,seed screenings,4-02-056,91,0.34,?,0.39,0.43,0.77,?,0.23,?,?,?,91,?,?,?,
344,,,100,0.37,?,0.43,0.47,0.84,?,0.25,?,?,?,100,?,?,?,
345,"seeds, meal mech",5-02-045,91,0.41,0.04,0.58,0.87,1.22,0.11,0.37,0.41,26,0.07,176,38,0.81,33,
346,extd (Linseed,,100,0.45,0.04,0.64,0.96,1.34,0.12,0.41,0.46,29,0.07,194,42,0.89,36,
,meal),,,,,,,,,,,,,,,,,
347,"seed, meal solv",5-02-048,90,0.39,0.04,0.6,0.8,1.38,0.14,0.39,0.19,26,?,319,38,0.82,?,
348,extd (Linseed,,100,0.43,0.04,0.66,0.89,1.53,0.15,0.43,0.21,29,?,354,42,0.91,?,
,meal),,,,,,,,,,,,,,,,,
,,,,,,,,,,,,,,,,,,
,GALLETA Hilaria,,,,,,,,,,,,,,,,,
,jamesii,,,,,,,,,,,,,,,,,
349,"fresh, stem-cured",2-05-594,71,0.74,?,0.07,0.05,0.71,0.01,0.07,?,?,?,71,?,?,?,
350,,,100,1.05,?,0.1,0.07,1,0.01,0.1,?,?,?,100,?,?,?,
,,,,,,,,,,,,,,,,,,
,GELATIN,,,,,,,,,,,,,,,,,
351,process residue,5-14-503,90,0.49,?,0.05,?,?,?,?,?,?,?,?,?,?,?,
352,(Gelatin by-,,100,0.55,?,0.05,?,?,?,?,?,?,?,?,?,?,?,
,products),,,,,,,,,,,,,,,,,
,,,,,,,,,,,,,,,,,,
,GRAMA Bouteloua,,,,,,,,,,,,,,,,,
,spp,,,,,,,,,,,,,,,,,
353,"fresh, early vege-",2-02-163,41,0.22,?,?,0.08,?,?,?,?,2,?,?,18,?,?,
354,tative,,100,0.53,?,?,0.19,?,?,?,?,6,?,?,44,?,?,
355,"fresh, mature",2-02-166,63,0.22,?,?,0.08,0.22,?,?,0.12,8,?,824,30,?,?,
356,,,100,0.34,?,?,0.12,0.35,?,?,0.18,13,?,"1,300.00",47,?,?,
,,,,,,,,,,,,,,,,,,
,GRAPE Vitis,,,,,,,,,,,,,,,,,
,spp,,,,,,,,,,,,,,,,,
357,"mare, degy",1-02-208,91,0.55,0.01,?,0.05,0.56,0.08,?,?,?,?,?,37,?,22,
358,(Pomace),,100,0.61,0.01,?,0.06,0.62,0.09,?,?,?,?,?,41,?,24,
,,,,,,,,,,,,,,,,,,
,GROUNDNUT?,,,,,,,,,,,,,,,,,
,SEE PEANUT,,,,,,,,,,,,,,,,,
,,,,,,,,,,,,,,,,,,
,HEMICELLULOSE,,,,,,,,,,,,,,,,,
,EXTRACT,,,,,,,,,,,,,,,,,
,(MASONEX),,,,,,,,,,,,,,,,,
359,,4-08-030,76,0.79,?,?,0.07,?,?,?,?,?,?,?,?,?,?,
360,fresh,,100,1.03,?,?,0.09,?,?,?,?,?,?,?,?,?,?,
,,,,,,,,,,,,,,,,,,
,HOG MILLET?,,,,,,,,,,,,,,,,,
,"SEE MILLET, PROSO",,,,,,,,,,,,,,,,,
Entry Num-ber,Feed Name Description,Interna- tional Feed Number,Dry Mat-ter (%),Cal- cium (%),Chlo- rine (%),Mag-ne-sium (%),Phos-pho-rus (%),Potas-sium (%),So-dium (%),Sul-fur (%),Co-balt (mg/ kg),Cop-per (mg/ kg),Io-dine (mg/ kg),Iron (mg/ kg),Man-ga-nese (mg/ kg),Sele-nium (mg/ kg),Zinc (mg/ kg),
,HOMINY FEED?SEE CORN,,,,,,,,,,,,,,,,,
,,,,,,,,,,,,,,,,,,
,,,,,,,,,,,,,,,,,,
,HORSE Equus,,,,,,,,,,,,,,,,,
,caballus,,,,,,,,,,,,,,,,,
361,"meat, fresh",5-07-980,29,0.02,?,0.01,0.31,0.11,0.05,?,0.06,?,0.09,49,0,?,18,
362,,,100,0.07,?,0.04,1.06,0.38,0.18,?,0.21,?,0.29,167,0,?,60,
,,,,,,,,,,,,,,,,,,
,JOHNSONGRASS?,,,,,,,,,,,,,,,,,
,"SEE SORGHUM, JOHNSONGRASS",,,,,,,,,,,,,,,,,
,,,,,,,,,,,,,,,,,,
,KENTUCKY BLUEGRASS?,,,,,,,,,,,,,,,,,
,"SEE BLUEGRASS, KENTUCKY",,,,,,,,,,,,,,,,,
,,,,,,,,,,,,,,,,,,
,"LESPEDEZA,",,,,,,,,,,,,,,,,,
,COMMON Les-,,,,,,,,,,,,,,,,,
,pedeza striata,,,,,,,,,,,,,,,,,
363,"hay, sun-cured, ",1-02-554,92,1.08,?,0.24,0.22,0.92,?,?,?,?,?,284,204,?,?,
364,midbloom,,100,1.18,?,0.26,0.24,1.01,?,?,?,?,?,310,223,?,?,
365,"hay, sun-cured",1-20-887,89,1.02,?,0.2,0.19,0.93,?,?,?,?,?,268,102,?,36,
366,full bloom,,100,1.14,?,0.23,0.21,1.04,?,?,?,?,?,300,114,?,41,
,,,,,,,,,,,,,,,,,,
,"LESPEDEZA, COMMON-",,,,,,,,,,,,,,,,,
,"LESPEDEZA, KOREAN",,,,,,,,,,,,,,,,,
,Lespedeza striata-Lespedeza stipulacea,,,,,,,,,,,,,,,,,
367,fresh,2-26-029,30,0.41,?,0.08,0.06,0.34,?,?,?,?,?,75,?,?,?,
368,,,100,1.35,?,0.27,0.21,1.12,?,?,?,?,?,250,?,?,?,
369,"hay, sun-cured",1-26-035,93,1.14,?,0.23,0.23,0.93,?,?,0.04,0,?,297,186,?,?,
370,,,100,1.23,?,0.25,0.25,1,?,?,0.04,0,?,320,200,?,?,
,,,,,,,,,,,,,,,,,,
,"LESPEDEZA, KO-",,,,,,,,,,,,,,,,,
,REAN Lespe-,,,,,,,,,,,,,,,,,
,deza stipulacea,,,,,,,,,,,,,,,,,
371,fresh,2-02-598,30,0.37,?,?,0.12,0.49,?,?,?,?,?,?,?,?,?,
372,,,100,1.23,?,?,0.39,1.62,?,?,?,?,?,?,?,?,?,
373,"hay, sun-cured",1-02-592,91,1.05,?,0.25,0.25,0.94,?,?,?,?,?,312,107,?,?,
374,,,100,1.15,?,0.27,0.27,1.03,?,?,?,?,?,343,118,?,?,
,,,,,,,,,,,,,,,,,,
,"LESPEDEZA, ",,,,,,,,,,,,,,,,,
,CHINESE Les-,,,,,,,,,,,,,,,,,
,pedeza cuneata,,,,,,,,,,,,,,,,,
375,fresh,2-02-611,35,0.44,?,0.08,0.1,0.41,?,?,0.02,?,?,85,36,?,?,
376,,,100,1.28,?,0.22,0.28,1.19,?,?,0.07,?,?,245,104,?,?,
377,"hay, sun-cured",1-02-607,92,1.09,?,0.21,0.22,0.85,?,?,?,?,?,266,100,?,?,
378,,,100,1.19,?,0.23,0.24,0.93,?,?,?,?,?,290,1.1,?,?,
,,,,,,,,,,,,,,,,,,
,LIGNIN SULFO-,,,,,,,,,,,,,,,,,
,"NATE, CALCIUM",,,,,,,,,,,,,,,,,
379,dehy,8-16-028,97,3.6,?,?,?,?,?,4.4,?,?,?,?,?,?,?,
380,,,100,3.75,?,?,?,?,?,4.5,?,?,?,?,?,?,?,
,,,,,,,,,,,,,,,,,,
,LINSEED?SEE FLAX,,,,,,,,,,,,,,,,,
,,,,,,,,,,,,,,,,,,
,LIVERS,,,,,,,,,,,,,,,,,
381,meal,5-00-389,92,0.56,?,?,1.26,?,?,?,0.13,89,?,630,9,?,?,
382,,,100,0.61,?,?,1.36,?,?,?,0.13,97,?,681,10,?,?,
Entry Num-ber,Feed Name Description,Interna- tional Feed Number,Dry Mat-ter (%),Cal- cium (%),Chlo- rine (%),Mag-ne-sium (%),Phos-pho-rus (%),Potas-sium (%),So-dium (%),Sul-fur (%),Co-balt (mg/ kg),Cop-per (mg/ kg),Io-dine (mg/ kg),Iron (mg/ kg),Man-ga-nese (mg/ kg),Sele-nium (mg/ kg),Zinc (mg/ kg),
,MAIZE?SEE CORN,,,,,,,,,,,,,,,,,
,,,,,,,,,,,,,,,,,,
,MANGELS?SEE BEET,,,,,,,,,,,,,,,,,
,,,,,,,,,,,,,,,,,,
,"MANURE?SEE CATTLE, SEE POULTY",,,,,,,,,,,,,,,,,
,,,,,,,,,,,,,,,,,,
,MASONEX?SEE HEMICELLULOSE EXTRACT,,,,,,,,,,,,,,,,,
,,,,,,,,,,,,,,,,,,
,"MEADOW PLANTS, INTERMOUNTAIN",,,,,,,,,,,,,,,,,
383,"hay, sun-cured",1-03-181,95,0.58,?,0.16,0.17,1.5,0.11,?,?,?,?,?,?,?,?,
384,,,100,0.61,?,0.17,0.18,1.58,0.12,?,?,?,?,?,?,?,?,
,,,,,,,,,,,,,,,,,,
,MEAT,,,,,,,,,,,,,,,,,
385,meal rendered,5-00-385,94,8.85,1.19,0.27,4.44,0.57,1.29,0.47,0.13,10,?,440,10,0.44,80,
386,,,100,9.44,1.27,0.29,4.74,0.61,1.37,0.5,0.14,10,?,470,10,0.47,85,
387,"with blood, meal",5-00-386,92,5.86,1.73,0.36,3.07,0.55,1.67,0.7,0.15,39,?,"2,103.00",19,?,?,
388,rendered,,100,6.37,1.88,0.39,3.33,0.6,1.81,0.76,0.17,42,?,"2,283.00",21,?,?,
,(Tankage),,,,,,,,,,,,,,,,,
389,with blood with ,5-00-387,93,11.16,?,?,5.41,?,?,0.26,?,?,?,?,?,0.26,?,
390,"bone, meal ren-",,100,12.01,?,?,5.82,?,?,0.28,?,?,?,?,?,0.28,?,
,dered (Tankage),,,,,,,,,,,,,,,,,
391,"with bone, meal",5-00-388,93,10.3,0.74,1.02,5.1,1.33,0.72,0.25,0.18,2,1.31,684,13,0.26,89,
392,rendered,,100,11.06,0.8,1.09,5.48,1.43,0.77,0.27,0.19,2,1.41,735,14,0.28,96,
,,,,,,,,,,,,,,,,,,
,MILK,,,,,,,,,,,,,,,,,
393,dehy (Cattle),5-01-167,96,0.91,0.88,0.09,0.71,1.04,0.37,0.31,0.01,1,?,10,0,?,22,
394,,,100,0.95,0.92,0.1,0.74,1.08,0.38,0.32,0.01,1,?,10,0,?,23,
395,fresh (Cattle),5-01-168,12,0.12,0.11,0.01,0.09,0.14,0.05,0.04,0,0,?,1,?,?,3,
396,,,100,0.95,0.92,0.1,0.76,1.12,0.38,0.32,0.01,1,?,10,?,?,23,
397,skimmed dehy,5-01-175,94,1.28,0.9,0.12,1.02,1.59,0.46,0.32,0.11,1,?,9,2,0.13,38,
398,(Cattle),,100,1.36,0.96,0.13,1.09,1.7,0.49,0.34,0.12,1,?,10,2,0.13,41,
399,skimmed fresh,5-01-170,10,0.13,0.09,0.01,0.1,0.18,0.04,0.03,0.01,?,?,1,0,?,5,
400,(Cattle),,100,1.31,0.96,0.12,1.04,1.9,0.47,0.32,0.11,?,?,10,2,?,51,
,,,,,,,,,,,,,,,,,,
,"MILLET, FOX-",,,,,,,,,,,,,,,,,
,TAIL Setaria,,,,,,,,,,,,,,,,,
,italica,,,,,,,,,,,,,,,,,
401,fresh,2-03-101,28,0.09,?,?,0.05,0.55,?,?,?,?,?,?,?,?,?,
402,,,100,0.32,?,?,0.09,0.97,?,?,?,?,?,?,?,?,?,
403,grain,4-03-102,89,?,?,?,0.2,0.31,?,?,?,?,?,?,?,?,?,
404,,,100,?,?,?,0.22,0.35,?,?,?,?,?,?,?,?,?,
405,"hay, sun-cured",1-03-099,87,0.29,0.11,0.2,0.17,0.69,0.09,0.14,?,?,?,?,119,?,?,
406,,,100,0.33,0.13,0.23,0.19,1.94,0.1,0.16,?,?,?,?,136,?,?,
,,,,,,,,,,,,,,,,,,
,"MILLET, PROSO",,,,,,,,,,,,,,,,,
,Panicum milia-,,,,,,,,,,,,,,,,,
,ceum,,,,,,,,,,,,,,,,,
407,grain,4-03-120,90,0.03,?,0.16,0.3,0.43,?,?,?,?,?,71,?,?,?,
408,,,100,0.03,?,0.18,0.34,0.48,?,?,?,?,?,79,?,?,?,
,,,,,,,,,,,,,,,,,,
,MOLASSES AND,,,,,,,,,,,,,,,,,
,SYRUP,,,,,,,,,,,,,,,,,
409,"beet, sugar, mo-",4-00-668,78,0.13,1.28,0.23,0.03,4.72,1.15,0.46,0.36,17,?,68,4,?,14,
410,"lasses, more",,100,0.17,1.64,0.29,0.03,6.07,1.48,0.6,0.46,22,?,87,6,?,18,
,than 48% in-,,,,,,,,,,,,,,,,,
,vert sugar more,,,,,,,,,,,,,,,,,
,than 79.5 de-,,,,,,,,,,,,,,,,,
,grees brix,,,,,,,,,,,,,,,,,
Entry Num-ber,Feed Name Description,Interna- tional Feed Number,Dry Mat-ter (%),Cal- cium (%),Chlo- rine (%),Mag-ne-sium (%),Phos-pho-rus (%),Potas-sium (%),So-dium (%),Sul-fur (%),Co-balt (mg/ kg),Cop-per (mg/ kg),Io-dine (mg/ kg),Iron (mg/ kg),Man-ga-nese (mg/ kg),Sele-nium (mg/ kg),Zinc (mg/ kg),
,,,,,,,,,,,,,,,,,,
411,"citrus, syrup (Cit-",4-01-241,68,1.16,0.07,0.14,0.09,0.09,0.28,0.16,0.11,73,?,344,26,?,93,
412,rus molasses),,100,1.72,0.11,0.21,0.13,0.14,0.41,0.23,0.16,108,?,508,38,?,137,
413,"sugarcane, mo-",4-04-695,94,1.04,?,0.44,0.14,3.4,0.19,0.43,1.15,75,1.98,236,54,?,31,
414,"lasses, dehy",,100,1.1,?,0.47,0.15,3.6,0.2,0.46,1.21,79,2.1,250,57,?,33,
415,"sugarcane, molas-",4-04-696,75,0.75,2.31,0.32,0.08,2.86,0.16,0.35,0.9,59,1.57,186,42,?,22,
416,"ses, more than",,100,1,3.1,0.43,0.11,3.84,0.22,0.47,1.21,79,2.1,250,56,?,30,
,46% invert sug-,,,,,,,,,,,,,,,,,
,ar more than,,,,,,,,,,,,,,,,,
,79.5 degrees,,,,,,,,,,,,,,,,,
,brix (Black,,,,,,,,,,,,,,,,,
,strap),,,,,,,,,,,,,,,,,
417,"wood, molasses",4-05-502,63,1.34,0.12,0.07,0.04,0.04,0.03,0.03,?,?,?,?,13,?,?,
418,,,100,2.15,0.2,0.11,0.06,0.06,0.05,0.05,?,?,?,?,20,?,?,
,,,,,,,,,,,,,,,,,,
,NAPIERGRASS,,,,,,,,,,,,,,,,,
,Pennisetum pur-,,,,,,,,,,,,,,,,,
,pureum,,,,,,,,,,,,,,,,,
419,fresh,2-03-166,21,0.09,?,0.06,0.07,0.28,0,0.02,?,?,?,?,?,?,?,
420,,,100,0.44,?,0.26,0.35,1.31,0.01,0.1,?,?,?,?,?,?,?,
,,,,,,,,,,,,,,,,,,
,NEEDLEAND,,,,,,,,,,,,,,,,,
,THREAD Stipa,,,,,,,,,,,,,,,,,
,comata,,,,,,,,,,,,,,,,,
421,"fresh, stem-cured",2-07-989,92,0.99,?,?,0.06,?,?,?,?,?,?,?,?,?,?,
422,,,100,1.08,?,?,0.06,?,?,?,?,?,?,?,?,?,?,
,,,,,,,,,,,,,,,,,,
,OATS Avena ,,,,,,,,,,,,,,,,,
,sativa,,,,,,,,,,,,,,,,,
423,breakfast cereal,4-03-303,91,0.07,0.05,0.14,0.44,0.5,0.09,0.22,0.05,4,?,382,44,?,139,
424,"by-product, less",,100,0.08,0.06,0.16,0.49,0.55,0.1,0.24,0.05,5,?,421,48,?,154,
,than 4% fiber,,,,,,,,,,,,,,,,,
,(Feeding oat ,,,,,,,,,,,,,,,,,
,meal) (Oat,,,,,,,,,,,,,,,,,
,middlings),,,,,,,,,,,,,,,,,
425,grain,4-03-309,89,0.07,0.09,0.13,0.33,0.39,0.07,0.21,0.06,6,0.1,76,37,0.23,37,
426,,,100,0.07,0.11,0.14,0.38,0.44,0.08,0.23,0.06,7,0.11,85,42,0.26,41,
427,"grain, Pacific",4-07-999,91,0.1,0.12,0.17,0.31,0.38,0.06,0.2,?,?,?,73,38,0.08,?,
428,Coast,,100,0.11,0.13,0.19,0.34,0.42,0.07,0.22,?,?,?,80,42,0.08,?,
429,groats,4-03-331,90,0.08,0.08,0.11,0.43,0.35,0.05,0.2,?,6,0.11,73,28,?,0,
430,,,100,0.08,0.09,0.13,0.48,0.39,0.06,0.22,?,7,0.12,82,31,?,0,
431,"hay, sun-cured",1-03-280,91-0,0.22,0.48,0.24,0.2,1.38,0.17,0.22,0.07,14,?,142,59,0.16,36,
432,,,100,0.24,0.52,0.26,0.22,1.51,0.18,0.25,0.07,15,?,155,64,0.17,39,
433,hulls,1-03-281,92,0.14,0.08,0.08,0.14,0.57,0.04,0.14,?,4,?,102,19,?,?,
434,,,100,0.15,0.08,0.09,0.15,0.62,0.04,0.15,?,4,?,111,20,?,?,
435,silage,3-03-298,31,0.1,?,0.09,0.07,0.84,0.07,0.09,0.02,2,?,65,13,?,11,
436,,,100,0.34,?,0.3,0.24,2.74,0.23,0.29,0.06,6,?,211,43,?,35,
437,straw,1-03-283,92,0.22,0.71,0.17,0.06,2.37,0.39,0.21,?,9,?,161,34,?,6,
438,,,100,0.24,0.78,0.18,0.06,2.57,0.42,0.23,?,10,?,175,37,?,6,
,,,,,,,,,,,,,,,,,,
,ORANGE Citrus,,,,,,,,,,,,,,,,,
,sinensis,,,,,,,,,,,,,,,,,
439,pulp without ,4-01-254,88,0.62,?,?,0.1,?,?,?,?,?,?,?,?,?,?,
440,"fines, dehy",,100,0.71,?,?,0.11,?,?,?,?,?,?,?,?,?,?,
,"(Orange pulp,",,,,,,,,,,,,,,,,,
,dried),,,,,,,,,,,,,,,,,
Entry Num-ber,Feed Name Description,Interna- tional Feed Number,Dry Mat-ter (%),Cal- cium (%),Chlo- rine (%),Mag-ne-sium (%),Phos-pho-rus (%),Potas-sium (%),So-dium (%),Sul-fur (%),Co-balt (mg/ kg),Cop-per (mg/ kg),Io-dine (mg/ kg),Iron (mg/ kg),Man-ga-nese (mg/ kg),Sele-nium (mg/ kg),Zinc (mg/ kg),
,ORCHARDGRASS,,,,,,,,,,,,,,,,,
,Dactylis glomerata,,,,,,,,,,,,,,,,,
441,fresh,2-03-451,27,0.1,?,0.08,0.11,0.89,0.01,0.07,?,6,?,126,28,?,?,
442,,,100,0.37,?,0.29,0.39,3.33,0.04,0.26,?,24,?,470,104,?,?,
443,"fresh, early vege-",2-03-439,23,0.13,0.02,0.07,0.13,0.84,0.01,0.05,?,2,?,39,22,?,?,
444,tative,,100,0.58,0.08,0.31,0.54,3.58,0.04,0.21,?,7,?,169,96,?,?,
445,"hay, sun-cured",1-03-438,91,0.35,0.37,0.15,0.32,3.06,0.05,0.24,0.42,12,?,90,109,?,23,
446,,,100,0.39,0.41,0.17,0.35,3.36,0.05,0.26,0.46,13,?,99,120,?,26,
,,,,,,,,,,,,,,,,,,
,PANGOLAGRASS,,,,,,,,,,,,,,,,,
,Digitaria decum-,,,,,,,,,,,,,,,,,
,bens,,,,,,,,,,,,,,,,,
447,fresh,2-03-493,21,0.09,?,0.03,0.04,?,?,?,?,?,?,?,?,?,?,
448,,,100,0.43,?,0.14,0.18,?,?,?,?,?,?,?,?,?,?,
449,"hay, sun-cured",1-10-638,91,0.53,?,0.18,0.19,1.55,?,?,?,?,?,?,?,?,?,
450,15 to 28 days',,100,0.58,?,0.2,0.21,1.7,?,?,?,?,?,?,?,?,?,
,growth (South),,,,,,,,,,,,,,,,,
451,"hay, sun-cured,",1-26-214,91,0.42,?,0.14,0.21,1.27,?,?,?,?,?,?,?,?,?,
452,29 to 42 days',,100,0.46,?,0.15,0.23,1.4,?,?,?,?,?,?,?,?,?,
,growth (South),,,,,,,,,,,,,,,,,
453,"hay, sun0cured,",1-29-573,91,0.35,?,0.13,0.16,1,?,?,?,?,?,?,?,?,?,
454,43 to 56 days',,100,0.38,?,0.14,0.18,1.1,?,?,?,?,?,?,?,?,?,
,growth (South),,,,,,,,,,,,,,,,,
,,,,,,,,,,,,,,,,,,
,PEA Pinum spp,,,,,,,,,,,,,,,,,
455,seeds,5-03-600,89,0.14,0.06,0.13,0.39,1.01,0.04,?,?,?,?,50,?,?,29,
456,,,100,0.15,0.06,0.14,0.44,1.13,0.05,?,?,?,?,57,?,?,33,
457,vines without,3-03-596,25,0.32,?,0.1,0.06,0.34,0,0.06,?,?,?,25,?,?,?,
458,"seeds, silage",,100,1.31,?,0.39,0.24,1.4,0.01,0.25,?,?,?,100,?,?,?,
,,,,,,,,,,,,,,,,,,
,PEANUT Arachis,,,,,,,,,,,,,,,,,
,hypogaea,,,,,,,,,,,,,,,,,
459,"hay, sun-cured",1-03-619,91,1.12,?,0.45,0.14,1.25,?,0.21,0.07,?,?,?,?,?,?,
460,,,100,1.23,?,0.49,0.15,1.38,?,0.23,0.08,?,?,?,?,?,?,
461,"kernels, meal ",5-03-649,93,0.19,0.03,0.29,0.57,1.16,0.21,0.27,0.11,15,0.07,156,26,0.29,21,
462,mech extd (Pea-,,100,0.2,0.03,0.31,0.61,1.25,0.23,0.29,0.12,16,0.07,169,28,0.31,22,
,nut meal),,,,,,,,,,,,,,,,,
463,"kernels, meal solv",5-03-650,92,0.27,0.03,0.15,0.62,1.13,0.07,0.3,0.11,15,0.07,142,27,?,20,
464,extd (Peanut,,100,0.29,0.03,0.17,0.68,1.23,0.08,0.33,0.12,17,0.07,154,29,?,22,
,meal),,,,,,,,,,,,,,,,,
,,,,,,,,,,,,,,,,,,
,PINEAPPLE,,,,,,,,,,,,,,,,,
,Ananas comosus,,,,,,,,,,,,,,,,,
465,aerial part with-,1-13-309,89,0.35,?,?,0.21,?,?,?,?,?,?,?,?,?,?,
466,"out fruit, sun-",,100,0.39,?,?,0.23,?,?,?,?,?,?,?,?,?,?,
,cured (Pineap-,,,,,,,,,,,,,,,,,
,ple hay),,,,,,,,,,,,,,,,,
467,"process residue,",4-03-722,87,0.2,?,?,0.11,?,?,?,?,?,?,489,?,?,?,
468,dehy (Pineap-,,100,0.23,?,?,0.13,?,?,?,?,?,?,561,?,?,?,
,ple bran),,,,,,,,,,,,,,,,,
,,,,,,,,,,,,,,,,,,
,POTATO Solanum,,,,,,,,,,,,,,,,,
,tuberosum,,,,,,,,,,,,,,,,,
469,"process residue,",4-03-775,89,0.14,?,?,0.23,?,?,?,?,?,?,?,?,?,?,
470,dehy,,100,0.16,?,?,0.25,?,?,?,?,?,?,?,?,?,?,
471,"tubers, dehy",4-07-850,91,0.07,0.36,0.11,0.2,1.96,0.01,0.08,?,?,?,?,2,?,2,
472,,,100,0.08,0.4,0.12,0.22,2.15,0.01,0.09,?,?,?,?,2,?,2,
Entry Num-ber,Feed Name Description,Interna- tional Feed Number,Dry Mat-ter (%),Cal- cium (%),Chlo- rine (%),Mag-ne-sium (%),Phos-pho-rus (%),Potas-sium (%),So-dium (%),Sul-fur (%),Co-balt (mg/ kg),Cop-per (mg/ kg),Io-dine (mg/ kg),Iron (mg/ kg),Man-ga-nese (mg/ kg),Sele-nium (mg/ kg),Zinc (mg/ kg),
,,,,,,,,,,,,,,,,,,
,,,,,,,,,,,,,,,,,,
473,"tubers, fresh",4-03-787,23,0.01,0.07,0.03,0.06,0.51,0.02,0.02,?,7,?,18,10,?,?,
474,,,100,0.04,0.28,0.14,0.24,2.17,0.09,0.09,?,28,?,78,42,?,?,
475,"tubers, silage",4-03-768,25,0.01,?,0.04,0.06,0.53,0.02,0.06,?,?,?,22,?,?,?,
476,,,100,0.04,?,0.14,0.23,2.13,0.09,0.23,?,?,?,90,?,?,?,
477,"vines, silage",3-03-765,15,0.31,0.06,0.02,0.03,0.59,?,0.06,?,?,?,?,?,?,?,
478,,,100,2.12,0.38,0.14,0.2,3.95,?,0.37,?,?,?,?,?,?,?,
,,,,,,,,,,,,,,,,,,
,POULTRY,,,,,,,,,,,,,,,,,
479,"by-product, meal",5-03-798,93,3.51,0.54,0.18,1.83,0.39,0.82,0.52,0.22,14,3.09,442,11,0.78,121,
480,rendered (Vis-,,100,3.76,0.58,0.19,1.96,0.42,0.87,0.56,0.24,15,3.31,473,12,0.83,129,
,cera with feet,,,,,,,,,,,,,,,,,
,with heads),,,,,,,,,,,,,,,,,
481,"feathers, hydro-",5-03-795,93,0.26,0.28,0.2,0.67,0.29,0.7,1.5,0.04,7,0.04,76,13,0.84,69,
482,lyzed,,100,0.28,0.3,0.22,0.72,0.31,0.76,1.61,0.05,7,0.05,81,14,0.9,74,
483,manure and litter,5-05-587,89,2.82,?,0.45,1.59,1.5,0.45,1.13,?,172,?,695,258,0.7,397,
484,,,100,3.16,?,0.5,1.78,1.68,0.51,1.26,?,192,?,778,289,0.79,444,
485,"manure, dehy",5-14-015,90,8.4,0.86,0.57,2.28,2.03,0.67,0.16,0,80,?,"1,805.00",366,?,392,
486,,,100,9.31,0.95,0.64,2.52,2.25,0.74,0.18,0,89,?,"2,000.00",406,?,434,
,,,,,,,,,,,,,,,,,,
,"PRAIRIE PLANTS,",,,,,,,,,,,,,,,,,
,MIDWEST,,,,,,,,,,,,,,,,,
487,"hay, sun-cured",1-03-191,92,0.39,0.06,0.26,0.14,0.99,0.04,?,0.12,6,?,118,101,?,31,
488,,,100,0.43,0.06,0.29,0.15,1.08,0.04,?,0.13,7,?,129,110,?,34,
,,,,,,,,,,,,,,,,,,
,PRICKLYPEAR,,,,,,,,,,,,,,,,,
,Opuntia spp,,,,,,,,,,,,,,,,,
489,fresh,2-01-061,17,1.61,0.04,0.23,0.02,0.37,0.05,0.04,?,?,?,?,?,?,?,
490,,,100,9.61,0.21,1.38,0.12,2.21,0.3,0.23,?,?,?,?,?,?,?,
,,,,,,,,,,,,,,,,,,
,RAPE Brassica,,,,,,,,,,,,,,,,,
,spp,,,,,,,,,,,,,,,,,
491,fresh,2-03-867,17,0.22,0.08,0.01,0.07,0.5,0.01,0.1,?,1,?,30,8,?,?,
492,,,100,1.33,0.45,0.07,0.39,2.98,0.05,0.58,?,8,?,182,46,?,?,
493,"seeds, meal mech",5-03-870,92,0.66,?,0.5,1.04,0.83,0.46,?,?,7,?,175,55,0.96,43,
494,extd,,100,0.72,?,0.54,1.14,0.9,0.5,?,?,7,?,190,60,1.04,47,
495,"seeds, meal solv",5-03-871,91,0.61,0.1,0.55,0.95,1.24,0.09,1.14,?,?,?,?,?,0.97,?,
496,extd,,100,0.67,0.11,0.6,1.04,1.36,0.1,1.25,?,?,?,?,?,1.07,?,
,,,,,,,,,,,,,,,,,,
,"RAPE, SUMMER",,,,,,,,,,,,,,,,,
,Braassica napus,,,,,,,,,,,,,,,,,
497,"seed, meal mech ",5-08-136,94,0.71,?,?,1,?,?,?,?,?,?,?,?,?,?,
498,extd,,100,0.76,?,?,1.06,?,?,?,?,?,?,?,?,?,?,
499,"seeds, meal pre-",5-08-135,92,0.66,?,?,0.93,?,?,?,?,?,?,?,?,?,?,
500,pressed solv extd,,100,0.72,?,?,1.01,?,?,?,?,?,?,?,?,?,?,
,,,,,,,,,,,,,,,,,,
,REDTOP Agrostis,,,,,,,,,,,,,,,,,
,alba,,,,,,,,,,,,,,,,,
501,fresh,2-03-897,29,0.14,0.03,0.07,0.09,0.69,0.02,0.06,?,8,?,59,?,?,?,
502,,,100,0.46,0.09,0.23,0.29,2.35,0.05,0.19,?,26,?,200,?,?,?,
503,"hay, sun-cured,",1-03-886,94,0.6,?,?,0.33,1.6,?,?,?,?,?,?,?,?,?,
504,midbloom,,100,0.63,?,?,0.35,1.69,?,?,?,?,?,?,?,?,?,
,,,,,,,,,,,,,,,,,,
,RICE Oryza satica,,,,,,,,,,,,,,,,,
505,bran with germ,4-03-928,91,0.07,0.07,0.94,1.54,1.74,0.03,0.18,?,13,?,190,376,0.4,29,
506,(Rice bran),,100,0.08,0.08,1.04,1.7,1.92,0.04,0.2,?,15,?,210,415,0.44,32,
Entry Num-ber,Feed Name Description,Interna- tional Feed Number,Dry Mat-ter (%),Cal- cium (%),Chlo- rine (%),Mag-ne-sium (%),Phos-pho-rus (%),Potas-sium (%),So-dium (%),Sul-fur (%),Co-balt (mg/ kg),Cop-per (mg/ kg),Io-dine (mg/ kg),Iron (mg/ kg),Man-ga-nese (mg/ kg),Sele-nium (mg/ kg),Zinc (mg/ kg),
,,,,,,,,,,,,,,,,,,
507,"grain, ground",4-03-938,89,0.06,0.08,0.13,0.28,0.32,0.05,0.05,0.04,3,0.04,51,18,?,15,
508,(Ground rough,,100,0.07,0.09,0.15,0.32,0.36,0.06,0.05,0.05,3,0.05,57,20,?,17,
,rice) (Ground,,,,,,,,,,,,,,,,,
,paddy rice),,,,,,,,,,,,,,,,,
509,"grain, polished ",4-03-932,89,0.03,0.08,0.11,0.27,0.13,0.07,0.04,?,?,?,?,18,0.27,17,
510,and broken ,,100,0.03,0.09,0.12,0.3,0.15,0.08,0.05,?,?,?,?,20,0.31,19,
,(Brewers rice),,,,,,,,,,,,,,,,,
511,"goats, polished",4-03-942,89,0.02,0.04,0.02,0.11,0.11,0.02,0.08,?,3,?,14,11,?,2,
512,"(Rice, polished)",,100,0.03,0.04,0.02,0.13,0.12,0.02,0.09,?,3,?,16,12,?,2,
513,hulls,1-08-075,92,0.09,0.07,0.76,0.07,0.52,0.11,0.08,?,?,?,?,308,?,?,
514,,,100,0.1,0.08,0.83,0.08,0.57,0.12,0.09,?,?,?,?,334,?,?,
515,polishings,4-03-943,90,0.05,0.11,0.78,1.33,1.14,0.1,0.17,?,3,?,161,12,?,26,
516,,,100,0.05,0.12,0.87,1.48,1.27,0.12,0.19,?,4,?,178,14,?,29,
,,,,,,,,,,,,,,,,,,
,"RUSSIANTHISTLE,",,,,,,,,,,,,,,,,,
,TUMBLING,,,,,,,,,,,,,,,,,
,Salsola kali tenui-,,,,,,,,,,,,,,,,,
,folia,,,,,,,,,,,,,,,,,
517,"fresh, stem cured",2-08-000,88,2.91,?,?,0.11,?,?,?,?,?,?,?,?,?,?,
518,,,100,3.31,?,?,0.12,?,?,?,?,?,?,?,?,?,?,
519,"hay, sun-cured",1-03-988,86,1.41,?,0.77,0.19,5.88,?,0.36,?,?,?,?,?,?,?,
520,,,100,1.64,?,0.89,0.22,6.85,?,0.42,?,?,?,?,?,?,?,
,,,,,,,,,,,,,,,,,,
,RYE Secale cereale,,,,,,,,,,,,,,,,,
521,"distillers grains,",5-04-023,92,0.15,0.05,0.17,0.48,0.07,0.17,0.44,?,?,?,?,18,?,?,
522,dehy,,100,0.16,0.05,0.18,0.52,0.08,0.18,0.48,?,?,?,?,20,?,?,
523,fresh,2-04-018,24,0.09,?,0.08,0.08,0.82,0.02,?,?,?,?,?,?,?,?,
524,,,100,0.39,?,0.31,0.33,3.4,0.07,?,?,?,?,?,?,?,?,
525,grain,4-04-047,88,0.06,0.03,0.12,0.32,0.46,0.02,0.15,?,7,?,60,58,0.38,31,
526,,,100,0.07,0.03,0.14,0.37,0.52,0.03,0.17,?,8,?,69,66,0.44,36,
527,"flour by-product, ",4-04-032,86,0.36,?,0.27,0.1,1.1,0.02,?,?,?,?,178,?,?,?,
528,less than 4.5%,,100,0.4,?,0.3,0.11,1.24,0.02,?,?,?,?,200,?,?,?,
,fiber (Rye mid-,,,,,,,,,,,,,,,,,
,dlings),,,,,,,,,,,,,,,,,
529,"flour by-product, ",4-04-031,89,0.06,?,?,0.62,0.62,?,?,?,?,?,?,44,?,?,
530,less than 8.5%,,100,0.07,?,?,0.7,0.7,?,?,?,?,?,?,49,?,?,
,fiber (Rye mid-,,,,,,,,,,,,,,,,,
,dlings),,,,,,,,,,,,,,,,,
531,"mill run, less than ",4-04-034,90,0.08,?,0.23,0.64,0.83,?,0.04,?,?,?,?,?,?,?,
532,9.5% fiber (Rye,,100,0.08,?,0.26,0.71,0.92,?,0.04,?,?,?,?,?,?,?,
,feed),,,,,,,,,,,,,,,,,
533,silage,3-04-020,32,0.13,?,?,0.1,?,?,?,?,?,?,?,?,?,?,
534,,,100,0.39,?,?,0.32,?,?,?,?,?,?,?,?,?,?,
535,straw,1-04-007,90,0.22,0.21,0.07,0.08,0.87,0.12,0.1,?,4,?,?,6,?,?,
536,,,100,0.24,0.24,0.08,0.09,0.97,0.13,0.11,?,4,?,?,7,?,?,
,,,,,,,,,,,,,,,,,,
,"RYEGRASS, ITAL-",,,,,,,,,,,,,,,,,
,IAN Lolium,,,,,,,,,,,,,,,,,
,multiflorum,,,,,,,,,,,,,,,,,
537,fresh,2-04-073,25,0.16,?,0.09,0.1,0.49,0,0.03,?,?,?,160,?,?,?,
538,,,100,0.65,?,0.35,0.41,2,0.01,0.1,?,?,?,650,?,?,?,
539,"hay, sun-cured",1-04-069,86,53,?,0.28,0.29,1.34,?,?,?,?,?,275,?,?,?,
540,,,100,0.62,?,0.32,0.34,1.56,?,?,?,?,?,320,?,?,?,
,,,,,,,,,,,,,,,,,,
Entry Num-ber,Feed Name Description,Interna- tional Feed Number,Dry Mat-ter (%),Cal- cium (%),Chlo- rine (%),Mag-ne-sium (%),Phos-pho-rus (%),Potas-sium (%),So-dium (%),Sul-fur (%),Co-balt (mg/ kg),Cop-per (mg/ kg),Io-dine (mg/ kg),Iron (mg/ kg),Man-ga-nese (mg/ kg),Sele-nium (mg/ kg),Zinc (mg/ kg),
,"RYEGRASS, PE-",,,,,,,,,,,,,,,,,
,RENNIAL Lo-,,,,,,,,,,,,,,,,,
,lium perenne,,,,,,,,,,,,,,,,,
541,fresh,2-04-086,27,0.15,?,?,0.07,0.51,?,0.08,0.02,3,?,?,?,?,?,
542,,,100,0.55,?,?,0.27,1.91,?,0.3,0.06,13,?,?,?,?,?,
543,"hay, sun-cured",1-04-077,86,0.56,?,?,0.28,1.44,?,?,?,?,?,?,?,?,?,
544,,,100,0.65,?,?,0.32,1.67,?,?,?,?,?,?,?,?,?,
,,,,,,,,,,,,,,,,,,
,SAFFLOWER,,,,,,,,,,,,,,,,,
,Carthamus tinc-,,,,,,,,,,,,,,,,,
,torius,,,,,,,,,,,,,,,,,
545,seeds,4-07-958,94,0.24,?,0.34,0.63,0.74,0.06,?,?,10,?,468,19,?,?,
546,,,100,0.26,?,0.36,0.67,0.79,0.06,?,?,11,?,500,20,?,44,
547,"seeds, meal mech",5-04-109,91,0.25,?,0.33,0.71,0.72,0.05,?,?,10,?,471,18,?,40,
548,extd,,100,0.27,?,0.36,0.78,0.79,0.05,?,?,11,?,515,20,?,44,
549,"seeds, meal solv",5-04-110,92,0.34,?,0.35,0.75,0.76,0.05,0.13,?,10,?,495,18,?,41,
550,extd,,100,0.37,?,0.37,0.81,0.82,0.05,0.14,?,11,?,537,20,?,44,
551,seeds without,5-07-959,92,0.35,0.16,1.02,1.29,1.1,0.04,0.2,1.97,9,?,484,39,?,33,
552,"hulls, meal",,100,0.38,0.18,1.11,1.4,1.19,0.05,0.22,2.15,9,?,528,43,?,36,
,solv extd,,,,,,,,,,,,,,,,,
,,,,,,,,,,,,,,,,,,
,"SAGE, BLACK",,,,,,,,,,,,,,,,,
,Salvia mellifera,,,,,,,,,,,,,,,,,
553,"browse, fresh,",2-05-564,65,0.53,?,?,0.11,?,?,?,?,?,?,?,?,?,?,
554,stem-cured,,100,0.81,?,?,0.17,?,?,?,?,?,?,?,?,?,?,
,,,,,,,,,,,,,,,,,,
,"SAGEBRUSH, BIG",,,,,,,,,,,,,,,,,
,Artemiria tri,,,,,,,,,,,,,,,,,
,dentata,,,,,,,,,,,,,,,,,
555,"browse, fresh,",2-07-992,65,0.46,?,?,0.12,?,?,?,?,?,?,?,?,?,?,
556,stem-cured,,100,0.71,?,?,0.18,?,?,?,?,?,?,?,?,?,?,
,,,,,,,,,,,,,,,,,,
,"SAGEBRUSH, BUD",,,,,,,,,,,,,,,,,
,Artemisia spines-,,,,,,,,,,,,,,,,,
,cens,,,,,,,,,,,,,,,,,
557,"browse, fresh, 2",02-07-991,0.23,0.22,?,?,0.08,?,?,?,?,?,?,?,?,?,?,
558,early vegetative,,100,0.97,?,?,0.33,?,?,?,?,?,?,?,?,?,?,
559,"browse, fresh, ",2-04-124,32,0.19,?,0.16,0.13,?,?,?,?,?,?,?,?,?,?,
560,late vegetative,,100,0.6,?,0.49,0.42,?,?,?,?,?,?,?,?,?,?,
,,,,,,,,,,,,,,,,,,
,"SALTBUSH, NUT-",,,,,,,,,,,,,,,,,
,TALL Atriplex,,,,,,,,,,,,,,,,,
,nuttallii,,,,,,,,,,,,,,,,,
561,"browse, fresh,",2-07-993,55,1.22,?,?,0.06,?,?,?,?,?,?,?,?,?,?,
562,stem-cured,,100,2.21,?,?,0.12,?,?,?,?,?,?,?,?,?,?,
,,,,,,,,,,,,,,,,,,
,SALTGRASS Disti-,,,,,,,,,,,,,,,,,
,chlis spp,,,,,,,,,,,,,,,,,
563,fresh,2-04-170,74,0.16,?,0.22,0.06,0.18,?,?,?,?,?,141,115,?,?,
564,,,100,0.22,?,0.3,0.08,0.24,?,?,?,?,?,190,155,?,?,
,,,,,,,,,,,,,,,,,,
,SALTGRASS DES-,,,,,,,,,,,,,,,,,
,ERT Distichlis,,,,,,,,,,,,,,,,,
,stricta,,,,,,,,,,,,,,,,,
565,fresh,2-04-171,29,0.05,?,?,0.03,?,?,?,?,?,?,?,?,?,?,
566,,,100,0.16,?,?,0.09,?,?,?,?,?,?,?,?,?,?,
Entry Num-ber,Feed Name Description,Interna- tional Feed Number,Dry Mat-ter (%),Cal- cium (%),Chlo- rine (%),Mag-ne-sium (%),Phos-pho-rus (%),Potas-sium (%),So-dium (%),Sul-fur (%),Co-balt (mg/ kg),Cop-per (mg/ kg),Io-dine (mg/ kg),Iron (mg/ kg),Man-ga-nese (mg/ kg),Sele-nium (mg/ kg),Zinc (mg/ kg),
,"SCREENINGS?SEE BARLEY,",,,,,,,,,,,,,,,,,
,"SEE CEREALS, SEE WHEAT",,,,,,,,,,,,,,,,,
,,,,,,,,,,,,,,,,,,
,"SEAWEED, KELP",,,,,,,,,,,,,,,,,
,Laminariales (or-,,,,,,,,,,,,,,,,,
,der)-Fucales (or-,,,,,,,,,,,,,,,,,
,der) ,,,,,,,,,,,,,,,,,
567,"whole, dehy",4-08-073,91,2.48,?,0.85,0.28,?,?,?,?,?,?,?,?,?,?,
568,,,100,2.72,?,0.93,0.31,?,?,?,?,?,?,?,?,?,?,
,,,,,,,,,,,,,,,,,,
,SESAME Sesamum,,,,,,,,,,,,,,,,,
,indicum,,,,,,,,,,,,,,,,,
569,"seeds, meal mech",5-04-220,93,2.01,0.07,0.46,1.36,1.25,0.04,0.33,?,?,?,93,48,?,100,
570,extd,,100,2.17,0.07,0.5,1.46,1.35,0.04,0.35,?,?,?,100,52,?,108,
,,,,,,,,,,,,,,,,,,
,SHRIMP Pandalux,,,,,,,,,,,,,,,,,
,spp-Penaeus spp,,,,,,,,,,,,,,,,,
571,"process residue,",5-04-226,90,9.73,1.04,0.54,1.84,0.83,1.57,?,?,?,?,105,30,?,28,
572,meal (Shrimp,,100,10.8,1.15,0.6,2.05,0.92,1.74,?,?,?,?,116,33,?,32,
,meal),,,,,,,,,,,,,,,,,
,,,,,,,,,,,,,,,,,,
,SORGHUM Sor-,,,,,,,,,,,,,,,,,
,ghum bicolor,,,,,,,,,,,,,,,,,
573,aerial part with,1-07-960,89,0.35,?,0.26,0.18,1.31,0.02,?,?,?,?,?,?,?,?,
574,"heads, sun-",,100,0.4,?,0.29,0.21,1.47,0.02,?,?,?,?,?,?,?,?,
,cured (Fodder),,,,,,,,,,,,,,,,,
575,aerial part with-,1-04-302,88,0.46,?,0.25,0.12,1.06,0.02,?,?,?,?,?,?,?,?,
576,"out heads, sun-",,100,0.52,?,0.28,0.13,1.2,0.02,?,?,?,?,?,?,?,?,
,cured (Stover),,,,,,,,,,,,,,,,,
577,"distillers grains,",5-04-374,94,0.15,?,0.18,0.69,0.36,0.05,0.17,?,?,?,47,?,?,?,
578,dehy,,100,0.16,?,0.19,0.74,0.38,0.05,0.18,?,?,?,50,?,?,?,
579,grain,4-04-383,90,0.03,0.09,0.16,0.29,0.35,0.03,0.13,0.16,10,0.04,45,16,0.44,17,
580,,,100,0.04,0.1,0.18,0.33,0.39,0.03,0.15,0.18,11,0.04,51,18,0.5,19,
581,"hay, sun-cured",1-04-299,92,0.46,?,0.46,0.17,2.39,?,?,?,?,?,?,?,?,?,
582,early vegeta-,,100,0.5,?,0.5,0.18,2.6,?,?,?,?,?,?,?,?,?,
,tive (South),,,,,,,,,,,,,,,,,
583,"hay, sun-cured,",1-06-141,92,0.37,?,0.32,0.18,1.75,?,?,?,?,?,?,?,?,?,
584,late vegetative,,100,0.4,?,0.35,0.19,1.9,?,?,?,?,?,?,?,?,?,
,(South),,,,,,,,,,,,,,,,,
585,"hay, sun-cured,",1-06-142,93,0.28,?,0.19,0.13,1.12,?,?,?,?,?,?,?,?,?,
586,early bloom,,100,0.3,?,0.2,0.14,1.2,?,?,?,?,?,?,?,?,?,
,(South),,,,,,,,,,,,,,,,,
587,silage,3-04-323,30,0.1,0.04,0.09,0.06,0.4,0.01,0.03,0.09,10,?,84,22,?,9,
588,,,100,0.35,0.13,0.29,0.21,1.37,0.02,0.11,0.3,35,?,285,73,?,32,
,,,,,,,,,,,,,,,,,,
,"SORGHUM, JOHN-",,,,,,,,,,,,,,,,,
,SONGRASS Sor-,,,,,,,,,,,,,,,,,
,ghum haleperae,,,,,,,,,,,,,,,,,
589,"hay, sun-cureed",1-04-407,89,0.75,?,0.31,0.25,1.21,0.01,0.09,?,?,?,527,?,?,?,
590,,,100,0.84,?,0.35,0.28,1.35,0.01,0.1,?,?,?,590,?,?,?,
,,,,,,,,,,,,,,,,,,
,"SORGHUM, SORGO",,,,,,,,,,,,,,,,,
,Sorghum bicolor,,,,,,,,,,,,,,,,,
,saccharatum,,,,,,,,,,,,,,,,,
591,silage,3-04-468,27,0.09,0.02,0.08,0.05,0.31,0.04,0.03,?,9,?,54,17,?,?,
592,,,100,0.34,0.06,0.27,0.17,1.12,0.15,0.1,?,31,?,198,61,?,?,
Entry Num-ber,Feed Name Description,Interna- tional Feed Number,Dry Mat-ter (%),Cal- cium (%),Chlo- rine (%),Mag-ne-sium (%),Phos-pho-rus (%),Potas-sium (%),So-dium (%),Sul-fur (%),Co-balt (mg/ kg),Cop-per (mg/ kg),Io-dine (mg/ kg),Iron (mg/ kg),Man-ga-nese (mg/ kg),Sele-nium (mg/ kg),Zinc (mg/ kg),
,"SORGHUM, SUDAN-",,,,,,,,,,,,,,,,,
,GRASS Sorghum,,,,,,,,,,,,,,,,,
,bicolor sudanense,,,,,,,,,,,,,,,,,
593,"fresh, early vege-",2-04-484,18,0.08,?,0.06,0.07,0.38,0,0.02,?,?,?,36,?,?,?,
594,tative,,100,0.43,?,0.35,0.41,2.14,0.01,0.11,?,?,?,200,?,?,?,
595,"fresh, midbloom",2-04-485,23,0.1,?,0.08,0.08,0.49,0,0.03,?,?,?,46,?,?,?,
596,,,100,0.43,?,0.35,0.36,2.14,0.01,0.11,?,?,?,200,?,?,?,
597,"hay, sun--cured",1-04-480,91,0.5,?,0.47,0.28,1.7,0.02,0.06,0.12,34,?,176,83,?,?,
598,,,100,0.55,?,0.51,0.3,1.87,0.02,0.06,0.13,37,?,193,91,?,?,
599,silage,3-04-499,28,0.13,?,0.13,0.06,0.64,0.01,0.02,0.09,11,?,36,28,?,?,
600,,,100,0.46,?,0.44,0.21,2.25,0.02,0.06,0.31,37,?,127,99,?,?,
,,,,,,,,,,,,,,,,,,
,SOYBEAN Glycine,,,,,,,,,,,,,,,,,
,max,,,,,,,,,,,,,,,,,
601,flour by-product,4-04-594,90,0.44,?,0.32,0.16,1.51,0.25,0.06,?,?,?,?,29,?,?,
602,(Soybean mill,,100,0.49,?,0.36,0.18,1.69,0.28,0.07,?,?,?,?,32,?,?,
,feed),,,,,,,,,,,,,,,,,
603,"fresh, dough stage",2-04-573,26,0.34,?,0.21,0.08,0.2,?,?,?,?,?,?,?,?,?,
604,,,100,1.31,?,0.83,0.31,0.79,?,?,?,?,?,?,?,?,?,
605,"hay, sun-cured",1-04-558,89,1.15,0.13,0.71,0.25,0.96,0.08,0.21,0.08,8,0.22,261,95,?,22,
606,,,100,1.29,0.15,0.79,0.28,1.07,0.09,0.24,0.09,9,0.24,292,106,?,24,
607,hulls (Soybean,1-04-560,91,0.45,?,?,0.19,1.16,0.01,0.08,0.11,16,?,295,10,?,22,
608,flakes),,100,0.49,?,?,0.21,1.27,0.01,0.09,0.12,18,?,324,11,?,24,
,oil?see Fats and,,,,,,,,,,,,,,,,,
,oils,,,,,,,,,,,,,,,,,
609,protein concen-,5-08-038,92,0.11,0.02,0.02,0.68,0.17,0.07,0.7,0.39,14,0.32,137,5,0.14,34,
610,"trate, more than ",,100,0.12,0.02,0.02,0.74,0.19,0.08,0.76,0.42,15,0.35,149,6,0.15,37,
,70% protein,,,,,,,,,,,,,,,,,
611,seeds,5-04-610,92,0.25,0.03,0.26,0.6,1.66,0.02,0.22,?,18,?,84,36,0.11,57,
612,,,100,0.27,0.03,0.29,0.65,1.82,0.02,0.24,?,20,?,91,39,0.12,62,
613,"seeds, heat pro-",5-04-597,90,0.25,?,0.21,0.59,1.7,0.03,0.22,?,16,?,80,30,0.11,54,
614,cessed,,100,0.28,?,0.23,0.66,1.89,0.03,0.24,?,18,?,89,33,0.12,60,
615,"seeds, meal mech",5-04-600,90,0.26,0.07,0.25,0.61,1.79,0.03,0.33,0.18,22,?,157,31,0.1,60,
616,extd,,100,0.29,0.08,0.28,0.68,1.98,0.03,0.37,0.2,24,?,175,35,0.11,66,
617,"seeds, meal solv",5-04-604,90,0.3,0.04,0.27,0.63,1.97,0.04,0.43,0.09,23,0.13,119,29,0.3,43,
618,extd,,100,0.34,0.04,0.3,0.7,2.2,0.04,0.47,0.1,25,0.15,133,32,0.34,48,
619,seeds without,5-04-612,90,0.26,0.04,0.28,0.63,2.07,0.03,0.44,0.07,20,0.11,133,37,0.1,55,
620,"hulls, meal solv",,100,0.29,0.05,0.32,0.7,2.3,0.03,0.48,0.07,22,0.12,148,41,0.11,61,
,extd,,,,,,,,,,,,,,,,,
621,silage,3-04-581,27,0.37,?,0.1,0.13,0.25,0.03,0.08,?,3,?,110,31,?,?,
622,,,100,1.36,?,0.38,0.47,0.93,0.09,0.3,?,9,?,400,114,?,?,
623,straw,1-04-567,88,1.4,?,81,0.05,0.49,0.11,0.23,?,?,?,263,45,?,?,
624,,,100,1.59,?,0.92,0.06,0.56,0.12,0.26,?,?,?,300,51,?,?,
,,,,,,,,,,,,,,,,,,
,SPELT Triticum,,,,,,,,,,,,,,,,,
,spelta,,,,,,,,,,,,,,,,,
625,grain,4-04-651,90,0.12,?,?,0.38,?,?,?,?,?,?,?,?,?,?,
626,,,100,0.13,?,?,0.42,?,?,?,?,?,?,?,?,?,?,
,,,,,,,,,,,,,,,,,,
,SQUIRRELTAIL,,,,,,,,,,,,,,,,,
,Sitanion spp,,,,,,,,,,,,,,,,,
627,"fresh, stem-cured",2-05-566,50,0.19,?,?,0.03,?,?,?,?,?,?,?,?,?,?,
628,,,100,0.37,?,?,0.06,?,?,?,?,?,?,?,?,?,?,
,,,,,,,,,,,,,,,,,,
,SUDANGRASS?SEE SORGHUM,,,,,,,,,,,,,,,,,
,SUDANGRASS ,,,,,,,,,,,,,,,,,
Entry Num-ber,Feed Name Description,Interna- tional Feed Number,Dry Mat-ter (%),Cal- cium (%),Chlo- rine (%),Mag-ne-sium (%),Phos-pho-rus (%),Potas-sium (%),So-dium (%),Sul-fur (%),Co-balt (mg/ kg),Cop-per (mg/ kg),Io-dine (mg/ kg),Iron (mg/ kg),Man-ga-nese (mg/ kg),Sele-nium (mg/ kg),Zinc (mg/ kg),
,SUGARCANE Sac-,,,,,,,,,,,,,,,,,
,charum officinarum,,,,,,,,,,,,,,,,,
629,"bagasse, dehy",1-04-686,91,0.82,?,0.09,0.27,0.46,0.18,0.09,?,?,?,91,?,?,?,
630,,,100,0.9,?,0.1,0.29,0.5,0.2,0.1,?,?,?,100,?,?,?,
,molasses?see Mo-,,,,,,,,,,,,,,,,,
,lasses and syrup,,,,,,,,,,,,,,,,,
,,,,,,,,,,,,,,,,,,
,"SUNFLOWER,",,,,,,,,,,,,,,,,,
,COMMON,,,,,,,,,,,,,,,,,
,Helianthus,,,,,,,,,,,,,,,,,
,annuus,,,,,,,,,,,,,,,,,
631,fresh,2-01-113,27,0.11,?,?,0.09,0.97,?,0.3,?,?,?,?,?,?,?,
632,extd,,100,0.23,?,0.75,1.03,1.06,?,0.33,?,?,?,?,?,?,?,
633,seeds without,5-04-738,93,0.39,0.19,0.72,1.06,1.06,0.22,?,?,4,?,31,21,?,?,
634,"hulls, meal",,100,0.42,0.2,0.78,1.14,1.14,0.24,?,?,4,?,33,22,?,?,
,mech extd,,,,,,,,,,,,,,,,,
635,seeds without,5-04-739,93,0.41,0.1,0.71,0.91,1.06,0.22,?,?,4,?,31,19,?,?,
636,"hulls, meal solv",,100,0.44,0.11,0.77,0.98,1.14,0.24,?,?,4,?,33,20,?,?,
,extd,,,,,,,,,,,,,,,,,
,,,,,,,,,,,,,,,,,,
,"SWEERCLOVER,",,,,,,,,,,,,,,,,,
,YELLOW Meli-,,,,,,,,,,,,,,,,,
,lotus officinalis,,,,,,,,,,,,,,,,,
637,"hay, sun-cured",1-04-754,87,1.11,0.32,0.43,0.22,1.4,0.08,0.41,?,9,?,133,94,?,?,
638,,,100,1.27,0.37,0.49,0.25,1.6,0.09,0.47,?,10,?,152,108,?,?,
,,,,,,,,,,,,,,,,,,
,SWINE Sus scrofa,,,,,,,,,,,,,,,,,
639,"livers, fresh",5-04-792,30,0.01,?,0.01,0.37,0.26,0.07,?,0.25,56,0.34,145,2,0.34,44,
640,,,100,0.04,?,0.04,1.22,0.85,0.24,?,0.84,187,1.12,480,6,1.12,146,
641,"lungs, fresh",5-26-140,16,0.01,?,0.01,0.17,0.06,0.15,?,0.33,0,0.13,75,?,?,11,
642,,,100,0.05,?,0.04,1.05,0.39,0.96,?,2.09,0,0.82,475,?,?,68,
,,,,,,,,,,,,,,,,,,
,TIMOTHY Phleum,,,,,,,,,,,,,,,,,
,pratense,,,,,,,,,,,,,,,,,
643,fresh,2-04-912,30,0.1,0.17,0.04,0.08,0.59,0.04,0.04,0.01,3,?,55,43,?,?,
644,,,100,0.33,0.57,0.14,0.28,1.94,0.14,0.13,0.04,11,?,184,144,?,?,
645,"hay, sun-cured",1-04-893,90,0.39,0.46,0.12,0.18,1.37,0.06,0.16,0.07,5,0.03,163,45,?,15,
646,,,100,0.43,0.51,0.13,0.2,1.52,0.07,0.17,0.08,50,0.04,180,50,?,17,
647,"hay, sun-cured",1-04-881,89,0.59,?,0.13,0.3,1.5,0.16,?,?,?,?,179,?,?,?,
648,late vegetative,,100,0.66,?,0.14,0.34,1.68,0.18,?,?,?,?,200,?,?,?,
649,"hay, sun-cured,",1-04-882,90,0.48,?,0.13,0.22,?,0.16,?,?,?,?,179,?,?,?,
650,early bloom,,100,0.53,?,0.14,0.25,?,0.18,?,?,?,?,200,?,?,?,
651,"hay, sun-cured",1-04-883,89,0.43,?,0.14,0.2,1.41,0.16,?,?,5,?,151,?,?,?,
652,midbloom,,100,0.48,?,0.16,0.22,1.59,0.18,?,?,5,?,170,?,?,?,
653,"hay, sun-cured",1-04-884,89,0.38,0.55,0.12,0.18,1.45,0.16,?,?,4,?,139,?,?,?,
654,full bloom,,100,0.43,0.62,0.14,0.2,1.64,0.18,?,?,5,?,157,?,?,?,
655,"hay, sun-cured",1-04-885,88,0.34,?,0.12,0.16,1.42,0.06,?,?,?,?,141,?,?,?,
656,late bloom,,100,0.38,?,0.13,0.18,1.61,0.07,?,?,?,?,160,?,?,?,
657,"hay, sun-cured, ",1-04-886,92,0.26,?,0.11,0.17,?,0.01,?,?,?,?,?,?,?,?,
658,milk stage ,,100,0.28,?,0.12,0.18,?,0.01,?,?,?,?,?,?,?,?,
659,silage,3-04-922,34,0.19,?,0.05,0.1,0.58,0.04,0.04,?,2,?,37,31,?,?,
660,,,100,0.55,?,0.15,0.29,1.69,0.11,0.13,?,6,?,110,90,?,?,
,,,,,,,,,,,,,,,,,,
,TOMATO Lyco-,,,,,,,,,,,,,,,,,
,persicon esculen-,,,,,,,,,,,,,,,,,
,tum,,,,,,,,,,,,,,,,,
661,"pomace, dehy",5-05-041,92,0.39,?,0.18,0.55,3.33,?,?,?,30,?,"4,223.00",47,?,?,
662,,,100,0.43,?,0.2,0.6,3.63,?,?,?,33,?,"4,600.00",51,?,?,
Entry Num-ber,Feed Name Description,Interna- tional Feed Number,Dry Mat-ter (%),Cal- cium (%),Chlo- rine (%),Mag-ne-sium (%),Phos-pho-rus (%),Potas-sium (%),So-dium (%),Sul-fur (%),Co-balt (mg/ kg),Cop-per (mg/ kg),Io-dine (mg/ kg),Iron (mg/ kg),Man-ga-nese (mg/ kg),Sele-nium (mg/ kg),Zinc (mg/ kg),
,TORULA DRIED YEAST?,,,,,,,,,,,,,,,,,
,"SEE YEAST, TORULA",,,,,,,,,,,,,,,,,
,,,,,,,,,,,,,,,,,,
,"TREFOIL, BIRDS-",,,,,,,,,,,,,,,,,
,FOOT Lotus,,,,,,,,,,,,,,,,,
,corniculatus,,,,,,,,,,,,,,,,,
663,fresh,2-20-786,24,0.46,?,0.07,0.05,0.48,0.02,0.06,0.05,?,?,97,?,?,?,
664,,,100,1.91,?,0.28,0.22,1.99,0.07,0.25,0.21,?,?,400,?,?,?,
665,"hay, sun-cured",1-05-044,92,1.57,?,0.47,0.25,1.77,0.06,0.23,0.1,9,?,210,26,?,?,
666,,,100,1.7,?,0.51,0.27,1.92,0.07,0.25,0.11,9,?,228,29,?,?,
,,,,,,,,,,,,,,,,,,
,TRITICALE Triti-,,,,,,,,,,,,,,,,,
,cale hexaploide,,,,,,,,,,,,,,,,,
667,grain,4-20-362,90,0.05,?,?,0.3,0.36,?,0.15,?,?,?,?,?,?,?,
668,,,100,0.06,?,?,0.33,0.4,?,0.17,?,?,?,?,?,?,?,
,,,,,,,,,,,,,,,,,,
,TURNIP Bramica,,,,,,,,,,,,,,,,,
,rapa rapa,,,,,,,,,,,,,,,,,
669,"roots, fresh",4-05-067,9,0.05,0.06,0.02,0.02,0.28,0.1,0.04,?,2,?,11,4,?,?,
670,,,100,0.59,0.65,0.22,0.26,2.99,1.05,0.43,?,21,?,118,43,?,?,
,,,,,,,,,,,,,,,,,,
,VETCH Vicia,,,,,,,,,,,,,,,,,
,spp,,,,,,,,,,,,,,,,,
671,"hay, sun-cured",1-05-106,89,1.05,?,0.22,0.29,2.07,0.46,0.13,0.32,9,0.44,374,65,?,?,
672,,,100,1.18,?,0.25,0.32,2.32,0.52,0.15,0.36,10,0.49,420,73,?,?,
,,,,,,,,,,,,,,,,,,
,WHALE Balaena,,,,,,,,,,,,,,,,,
,glacialis-Balae,,,,,,,,,,,,,,,,,
,noptera spp,,,,,,,,,,,,,,,,,
673,"meat, meal ren-",5-05-160,91,0.4,?,?,0.56,?,?,?,?,?,?,?,?,?,?,
674,dered,,100,0.44,?,?,0.61,?,?,?,?,?,?,?,?,?,?,
,,,,,,,,,,,,,,,,,,
,WHEAT Triticum,,,,,,,,,,,,,,,,,
,aestivum,,,,,,,,,,,,,,,,,
675,bran,4-05-190,89,0.11,0.05,0.53,1.22,1.38,0.04,0.22,0.1,13,0.07,114,111,0.38,114,
676,,,100,0.13,0.05,0.6,1.38,1.56,0.04,0.25,0.11,14,0.07,128,125,0.43,128,
677,"bread, dehy",4-07-944,95,0.06,?,?,0.11,?,?,?,?,?,?,?,?,?,?,
678,,,100,0.07,?,?,0.11,?,?,?,?,?,?,?,?,?,?,
679,"flour, hard red",4-08-113,88,0.04,0.1,0.09,0.25,0.21,0.01,0.22,0.06,1,0.09,4,4,0.3,6,
680,"spring, less than",,100,0.04,0.11,0.11,0.28,0.23,0.01,0.25,0.07,1,0.1,4,4,0.34,7,
,1.5% fiber,,,,,,,,,,,,,,,,,
681,"flour, less than",4-05-199,88,0.03,0.09,0.05,0.18,0.14,0.01,0.21,0.06,1,0.09,5,3,0.15,6,
682,1.5% fiber,,100,0.03,0.1,0.06,0.2,0.16,0.01,0.24,0.07,1,0.1,6,4,0.17,7,
,(Wheat feed,,,,,,,,,,,,,,,,,
,flour),,,,,,,,,,,,,,,,,
683,"flour by-product,",4-05-203,88,0.04,0.14,0.16,0.49,0.51,0.04,0.24,0.12,6,?,46,55,0.3,65,
684,less than 4%,,100,0.05,0.16,0.18,0.56,0.58,0.05,0.27,0.13,7,?,52,62,0.35,74,
,fiber (Wheat,,,,,,,,,,,,,,,,,
,red dog),,,,,,,,,,,,,,,,,
685,"flour by-product,",4-05-201,88,0.09,0.07,0.25,0.81,0.93,0.02,0.2,0.1,12,?,73,117,0.43,109,
686,less than 7% fi-,,100,0.1,0.08,0.28,0.91,1.06,0.03,0.22,0.12,13,?,82,132,0.49,124,
,ber (Wheat,,,,,,,,,,,,,,,,,
,shorts),,,,,,,,,,,,,,,,,
687,"flour by-product,",4-05-205,89,0.11,0.04,0.36,0.88,1,0.17,0.17,0.09,19,0.11,83,112,0.74,103,
688,less than 9.5%,,100,0.13,0.04,0.4,0.99,1.13,0.19,0.2,0.1,22,0.12,93,126,0.83,116,
,fiber (Wheat,,,,,,,,,,,,,,,,,
,middlings),,,,,,,,,,,,,,,,,
Entry Num-ber,Feed Name Description,Interna- tional Feed Number,Dry Mat-ter (%),Cal- cium (%),Chlo- rine (%),Mag-ne-sium (%),Phos-pho-rus (%),Potas-sium (%),So-dium (%),Sul-fur (%),Co-balt (mg/ kg),Cop-per (mg/ kg),Io-dine (mg/ kg),Iron (mg/ kg),Man-ga-nese (mg/ kg),Sele-nium (mg/ kg),Zinc (mg/ kg),
,,,,,,,,,,,,,,,,,,
689,"mill run, less",4-05-206,90,0.1,?,0.47,1.02,1.19,0.22,0.3,0.21,18,?,95,104,?,?,
690,than 9.5% fiber,,100,0.11,?,0.52,1.13,1.33,0.24,0.34,0.23,21,?,105,116,?,?,
691,fresh,2-08-078,25,0.07,0.16,0.05,0.08,0.67,0.03,0.05,0.02,?,?,25,?,?,?,
692,,,100,0.28,0.67,0.2,0.31,2.74,0.11,0.22,0.08,?,?,100,?,?,?,
693,"germs, ground",5-05-218,88,0.05,0.07,0.25,0.92,0.97,0.03,0.25,0.12,10,?,51,134,0.36,119,
694,,,100,0.06,0.08,0.28,1.05,1.09,0.03,0.28,0.13,11,?,58,151,0.4,135,
695,grain,4-05-211,89,0.04,0.07,0.15,0.37,0.38,0.04,0.16,0.1,6,0.1,54,37,0.26,44,
696,,,100,0.04,0.08,0.16,0.42,0.42,0.05,0.18,0.14,7,0.1,61,42,0.3,50,
697,"grain, hard red",4-05-258,88,0.03,0.08,0.15,0.38,0.36,0.02,0.15,0.12,6,?,56,37,0.25,45,
698,spring,,100,0.04,0.09,0.17,0.43,0.41,0.03,0.17,0.13,7,?,64,42,0.29,52,
699,"grain, hard red",4-05-268,88,0.04,0.05,0.11,0.38,0.43,0.02,0.13,0.14,3,?,31,29,0.4,38,
700,winter,,100,0.05,0.06,0.13,0.43,0.49,0.02,0.15,0.16,5,?,35,33,0.45,43,
701,"grain, soft red",4-05-294,88,0.04,0.07,0.1,0.38,0.41,0.01,0.11,0.1,6,?,27,32,0.04,42,
702,winter,,100,0.05,0.08,0.11,0.43,0.46,0.01,0.12,0.12,7,?,30,36,0.05,48,
703,"grain, soft white",4-05-337,89,0.06,0.08,0.11,0.32,0.41,0.04,0.14,0.13,7,?,36,38,0.05,26,
704,winter,,100,0.07,0.09,0.13,0.36,0.46,0.04,0.16,0.15,8,?,41,43,0.06,29,
705,"grain, soft white",4-08-555,89,0.09,?,0.13,0.3,0.45,0.09,0.16,?,?,?,54,?,?,?,
706,"winter, Pacific",,100,0.1,?,0.15,0.34,0.51,0.1,0.18,?,?,?,60,?,?,?,
,Coast,,,,,,,,,,,,,,,,,
707,grain screenings,4-05-216,89,0.13,?,0.16,0.35,0.52,0.09,0.2,?,?,?,54,29,0.61,?,
708,,,100,0.15,?,0.18,0.39,0.58,0.1,0.22,?,?,?,60,33,0.68,?,
709,grits,4-07-852,90,0.03,?,?,0.11,0.08,0,?,?,?,?,15,?,?,?,
710,,,100,0.03,?,?,0.12,0.09,0,?,?,?,?,17,?,?,?,
711,"hay, sun-cured",1-05-172,88,0.13,?,0.11,0.17,0.87,0.18,0.19,?,?,?,175,?,?,?,
712,,,100,0.15,?,0.12,0.2,1,0.21,0.22,?,?,?,200,?,?,?,
713,"silage, early vege",3-05-184,30,0.08,0.02,0.19,0.08,0.42,0.02,0.07,0.01,4,?,57,39,?,?,
714,tative,,100,0.27,0.07,0.62,0.27,1.39,0.07,0.24,0.05,14,?,190,130,?,?,
715,straw,1-05-175,89,0.16,0.28,0.11,0.04,1.26,0.13,0.17,0.04,3,?,140,36,?,6,
716,,,100,0.18,0.32,0.12,0.05,1.42,0.14,0.19,0.05,4,?,157,41,?,6,
,,,,,,,,,,,,,,,,,,
,"WHEAT, DURUM",,,,,,,,,,,,,,,,,
,Triticum durum,,,,,,,,,,,,,,,,,
717,grain,4-05-224,88,0.09,?,0.15,0.36,0.44,?,?,0.08,7,?,42,28,0.89,33,
718,,,100,0.1,?,0.17,0.41,0.51,?,?,0.09,8,?,48,32,1.2,37,
,,,,,,,,,,,,,,,,,,
,"WHEATGRASS,",,,,,,,,,,,,,,,,,
,CRESTED,,,,,,,,,,,,,,,,,
,Agropyron,,,,,,,,,,,,,,,,,
,desertorum,,,,,,,,,,,,,,,,,
719,fresh,2-05-429,39,0.18,?,0.11,0.07,?,?,?,?,?,?,?,?,?,?,
720,,,100,0.45,?,0.28,0.19,?,?,?,?,?,?,?,?,?,?,
721,"fresh, early vege-",2-05-420,28,0.13,?,0.08,0.1,?,?,?,?,?,?,?,?,?,?,
722,tative,,100,0.46,?,0.28,0.34,?,?,?,?,?,?,?,?,?,?,
723,"fresh, full bloom",2-05-424,45,0.18,?,?,0.13,?,?,?,?,?,?,?,?,?,?,
724,,,100,0.39,?,?,0.28,?,?,?,?,?,?,?,?,?,?,
725,"fresh, postripe",2-05-428,80,0.22,?,?,0.06,?,?,?,0.2,7,?,?,42,?,?,
726,,,100,0.27,?,?,0.07,?,?,?,0.25,8,?,?,53,?,?,
727,"hay, sun-cured",1-05-418,93,0.31,?,0.15,0.2,1.85,?,?,0.22,15,?,165,34,0.37,30,
728,,,100,0.33,?,0.16,0.21,2,?,?,0.24,16,?,178,36,0.4,32,
,,,,,,,,,,,,,,,,,,
,WHEY,,,,,,,,,,,,,,,,,
729,dehy (Cattle),4-01-182,93,0.86,0.07,0.13,0.76,1.15,0.65,1.04,0.11,47,?,169,6,?,3,
730,,,100,0.92,0.08,0.14,0.82,1.23,0.7,1.12,0.12,50,?,181,6,?,3,
731,"low lactose, dehy",4-01-186,93,1.59,1.03,0.21,1.05,2.95,1.44,1.07,?,7,9.85,245,8,0.05,8,
732,(Dried whey,,100,1.71,1.1,0.23,1.12,3.16,1.54,1.15,?,8,10.55,262,9,0.06,8,
,product) (Cattle),,,,,,,,,,,,,,,,,
Entry Num-ber,Feed Name Description,Interna- tional Feed Number,Dry Mat-ter (%),Cal- cium (%),Chlo- rine (%),Mag-ne-sium (%),Phos-pho-rus (%),Potas-sium (%),So-dium (%),Sul-fur (%),Co-balt (mg/ kg),Cop-per (mg/ kg),Io-dine (mg/ kg),Iron (mg/ kg),Man-ga-nese (mg/ kg),Sele-nium (mg/ kg),Zinc (mg/ kg),
,"WINTERFAT,",,,,,,,,,,,,,,,,,
,COMMON,,,,,,,,,,,,,,,,,
,Eurotia lanata,,,,,,,,,,,,,,,,,
733,"fresh, stem-cured",2-26-142,80,1.58,?,?,0.09,?,?,?,?,?,?,?,?,?,?,
734,,,100,1.98,?,?,0.12,?,?,?,?,?,?,?,?,?,?,
,,,,,,,,,,,,,,,,,,
,WOOD MOLASSES?SEE,,,,,,,,,,,,,,,,,
,MOLASSES AND SYRUP,,,,,,,,,,,,,,,,,
,,,,,,,,,,,,,,,,,,
,YEAST Saccharo-,,,,,,,,,,,,,,,,,
,myces cerevisiae,,,,,,,,,,,,,,,,,
735,"brewers, dehy",7-05-527,93,0.12,0.07,0.25,1.4,1.67,0.07,0.42,0.18,33,0.36,109,6,0.91,39,
736,,,100,0.13,0.08,0.27,1.49,1.79,0.08,0.45,0.2,35,0.38,117,6,0.98,41,
737,"irradiated, dehy",7-05-529,94,0.78,?,?,1.42,2.14,?,?,?,?,?,?,?,?,?,
738,,,100,0.83,?,?,1.51,2.28,?,?,?,?,?,?,?,?,?,
739,"primary, dehy",7-05-533,93,0.36,0.02,0.36,1.72,?,?,0.57,?,?,?,300,4,?,?,
740,,,100,0.39,0.02,0.39,1.86,?,?,0.62,?,?,?,324,4,?,?,
,,,,,,,,,,,,,,,,,,
,"YEAST, TORULA",,,,,,,,,,,,,,,,,
,Torulopsis utilis,,,,,,,,,,,,,,,,,
741,"torula, dehy",7-05-534,93,0.5,0.02,0.17,1.59,1.9,0.04,0.55,0.03,13,2.5,118,8,1,93,
742,,,100,0.54,0.02,0.18,1.71,2.04,0.04,0.58,0.03,14,2.69,126,9,1.08,100,
,,,,,,,,,,,,,,,,,,
,,,,,,,,,,,,,,,,,,
,,,,,,,,,,,,,,,,,,
REFERENCE,,,,,,,,,,,,,,,,,,
"National Research Council. 1982.United States-Canadian Tables of Feed Composition: Nutritional Data for United States and Canadian Feeds, Third Revision. Washington, DC: The National Academies Press. https://doi.org/10.17226/1713",,,,,,,,,,,,,,,,,,
