"SeaWEED.ID","Source","Sample_size_n_farms","study_id","Country","iso3c","Common.Name","Scientific.Name","clean_sci_name","Production_system_group","Intensity","Product","Yield_m2_per_t","Grow_out_period_days","FCR","Feed_type","feed_soy_new","feed_crops_new","feed_fmfo_new","feed_animal_new","Electricity_kwh","Diesel_L","Petrol_L","NaturalGas_L","data_type"
48,"Mungkung 2005",1,1,"Thailand","THA","Giant tiger prawn","Penaeus monodon","Penaeus monodon","Ponds","Intensive","1.8 kg block-frozen shrimp",263.0136986,120,1.9,"Compound and/or other",0.1299863514331,0.37996010418906,0.489948555401683,0.000104988976157503,2990,0,0,0,"raw"
51,"Iribarren 2010b",1,2,"Spain","ESP","Mediterranean mussel","Mytilus galloprovincialis","Mytilus galloprovincialis","On- and off-bottom","Extensive","1 kg fresh mussels",NA,NA,0,"Unfed",NA,NA,NA,NA,0,16,0,0,"raw"
54,"Cao 2011",9,3,"China","CHN","Whiteleg shrimp","Litopenaeus vannamei","Litopenaeus vannamei","Ponds","Semi-intensive","1 tonne live weight",1210,110,1,"Compound",0.136826982280906,0.347330031943838,0.515732471674183,0.000110514101073039,548,7,0,0,"raw"
54,"Cao 2011",9,4,"China","CHN","Whiteleg shrimp","Litopenaeus vannamei","Litopenaeus vannamei","Ponds","Semi-intensive","1 tonne live weight",1210,110,1,"Compound",0.136826982280906,0.347330031943838,0.515732471674183,0.000110514101073039,548,7,0,0,"raw"
54,"Cao 2011",9,5,"China","CHN","Whiteleg shrimp","Litopenaeus vannamei","Litopenaeus vannamei","Ponds","Semi-intensive","1 tonne live weight",1210,110,1,"Compound",0.136826982280906,0.347330031943838,0.515732471674183,0.000110514101073039,548,7,0,0,"raw"
55,"Cao 2011",9,6,"China","CHN","Whiteleg shrimp","Litopenaeus vannamei","Litopenaeus vannamei","Ponds","Intensive","1 tonne live weight",342,100,1.6,"Compound",0.136826982280906,0.347330031943838,0.515732471674183,0.000110514101073039,2550,2,0,0,"raw"
55,"Cao 2011",9,7,"China","CHN","Whiteleg shrimp","Litopenaeus vannamei","Litopenaeus vannamei","Ponds","Intensive","1 tonne live weight",342,100,1.6,"Compound",0.136826982280906,0.347330031943838,0.515732471674183,0.000110514101073039,2550,2,0,0,"raw"
55,"Cao 2011",9,8,"China","CHN","Whiteleg shrimp","Litopenaeus vannamei","Litopenaeus vannamei","Ponds","Intensive","1 tonne live weight",342,100,1.6,"Compound",0.136826982280906,0.347330031943838,0.515732471674183,0.000110514101073039,2550,2,0,0,"raw"
57,"Pelletier 2009",1,9,"Indonesia","IDN","Nile tilapia","Oreochromis niloticus","Oreochromis niloticus","Ponds","Intensive","1 tonne live weight",NA,NA,1.7,"Compound",0.525716288443004,0.422634663258101,0.0515408125924513,0.000108235706444148,2730,1,0,0,"raw"
58,"Pelletier 2009",1,10,"Indonesia","IDN","Nile tilapia","Oreochromis niloticus","Oreochromis niloticus","Cages & pens","Intensive","1 tonne live weight",NA,NA,1.7,"Compound",0.525716288443004,0.422634663258101,0.0515408125924513,0.000108235706444148,0,10,1,0,"raw"
60,"Aubin 2009",1,11,"Greece","GRC","European seabass","Dicentrarchus labrax","Dicentrarchus labrax","Cages & pens","Intensive","1 tonne live weight",NA,NA,1.8,"Compound",0.157877287247199,0.315754574494398,0.52625762415733,0.000110514101073039,NA,NA,NA,NA,"raw"
61,"Jerbi 2012",1,12,"Tunisia","TUN","European seabass","Dicentrarchus labrax","Dicentrarchus labrax","Recirculating and tanks","Intensive","1 tonne live weight",49.3,720,1.7,"Compound",NA,NA,NA,NA,NA,NA,NA,NA,"raw"
62,"Jerbi 2012",1,13,"Tunisia","TUN","European seabass","Dicentrarchus labrax","Dicentrarchus labrax","Recirculating and tanks","Intensive","1 tonne live weight",39.5,720,2.1,"Compound",NA,NA,NA,NA,NA,NA,NA,NA,"raw"
63,"Bosma 2009",28,14,"Vietnam","VNM","Pangas catfishes nei","Pangasius spp","Pangasius spp","Ponds","Intensive","1 tonne live weight",8.22,180,1.9,"Compound",0.209977952315007,0.639932807055259,0.149984251653576,0.000104988976157503,41,5,0,0,"raw"
63,"Bosma 2009",28,15,"Vietnam","VNM","Pangas catfishes nei","Pangasius spp","Pangasius spp","Ponds","Intensive","1 tonne live weight",8.22,180,1.9,"Compound",0.209977952315007,0.639932807055259,0.149984251653576,0.000104988976157503,41,5,0,0,"raw"
63,"Bosma 2009",28,16,"Vietnam","VNM","Pangas catfishes nei","Pangasius spp","Pangasius spp","Ponds","Intensive","1 tonne live weight",8.22,180,1.9,"Compound",0.209977952315007,0.639932807055259,0.149984251653576,0.000104988976157503,41,5,0,0,"raw"
63,"Bosma 2009",28,17,"Vietnam","VNM","Pangas catfishes nei","Pangasius spp","Pangasius spp","Ponds","Intensive","1 tonne live weight",8.22,180,1.9,"Compound",0.209977952315007,0.639932807055259,0.149984251653576,0.000104988976157503,41,5,0,0,"raw"
63,"Bosma 2009",28,18,"Vietnam","VNM","Pangas catfishes nei","Pangasius spp","Pangasius spp","Ponds","Intensive","1 tonne live weight",8.22,180,1.9,"Compound",0.209977952315007,0.639932807055259,0.149984251653576,0.000104988976157503,41,5,0,0,"raw"
64,"Aubin 2006",1,19,"France","FRA","Turbot","Scophthalmidae","Scophthalmidae","Recirculating and tanks","Intensive","1 tonne live weight",NA,365,1.2,"Compound",0.0989475109493233,0.187479494430297,0.713463631581962,0.000109363038417673,NA,NA,NA,NA,"raw"
66,"Iribarren 2010c",1,20,"Spain","ESP","Turbot","Scophthalmidae","Scophthalmidae","Recirculating and tanks","Intensive","1 kg turbot for consumption",NA,NA,1.6,"Compound",0.236559139784946,0.258064516129032,0.376344086021505,0.129032258064516,5197,1,0,0,"raw"
68,"Ayer 2007",1,21,"Canada","CAN","Arctic char","Salvelinus alpinus","Salvelinus alpinus","Recirculating and tanks","Intensive","1 tonne live weight",NA,365,1.4,"Compound",NA,NA,NA,NA,22600,279,0,0,"raw"
69,"Ayer 2007",1,22,"Canada","CAN","Atlantic salmon","Salmo salar","Salmo salar","Cages & pens","Intensive","1 tonne live weight",98.63013699,720,1.3,"Compound",NA,NA,NA,NA,0,29,36,10,"raw"
72,"Boissy 2011",1,23,"United Kingdom","GBR","Atlantic salmon","Salmo salar","Salmo salar","Cages & pens","Intensive","1 tonne live weight",NA,NA,1.1,"Compound",0.181798900116654,0.262598411279612,0.555496639245333,0.000106049358401382,861,372,0,0,"raw"
74,"Pelletier 2009",1,24,"Norway","NOR","Atlantic salmon","Salmo salar","Salmo salar","Cages & pens","Intensive","1 tonne live weight",NA,NA,1.1,"Compound",0.145984671609481,0.277970813064628,0.575939526349733,0.000104988976157503,20,15,0,0,"raw"
75,"Pelletier 2009",1,25,"UK","GBR","Atlantic salmon","Salmo salar","Salmo salar","Cages & pens","Intensive","1 tonne live weight",NA,NA,1.3,"Compound",0.0919903410141935,0.242974487678794,0.664930182330855,0.000104988976157503,42,20,0,0,"raw"
76,"Pelletier 2009",1,26,"Canada","CAN","Atlantic salmon","Salmo salar","Salmo salar","Cages & pens","Intensive","1 tonne live weight",NA,NA,1.3,"Compound",0.056,0.429,0.316,0.199,0,21,3,1,"raw"
77,"Pelletier 2009",1,27,"Chile","CHL","Atlantic salmon","Salmo salar","Salmo salar","Cages & pens","Intensive","1 tonne live weight",NA,NA,1.5,"Compound",0.145,0.282,0.422,0.151,63,21,5,0,"raw"
78,"Buchspies 2011",1,28,"Norway","NOR","Atlantic salmon","Salmo salar","Salmo salar","Cages & pens","Intensive","1 kg fillet",NA,NA,1.1,"Compound",0.000104977954629528,0.419911818518111,0.57987822557263,0.000104977954629528,NA,NA,NA,NA,"raw"
79,"Ellingsen 2006",1,29,"Norway","NOR","Atlantic salmon","Salmo salar","Salmo salar","Cages & pens","Intensive","200 g fillet (= 460 g live weight)",NA,NA,1.2,"Compound",0.0937397472151484,0.197895021898647,0.708255867847787,0.000109363038417673,NA,NA,NA,NA,"raw"
80,"Aubin 2009",1,30,"France","FRA","Rainbow trout","Oncorhynchus mykiss","Oncorhynchus mykiss","Recirculating and tanks","Intensive","1 tonne live weight",NA,NA,1.2,"Compound",0.121199266744436,0.181798900116654,0.696895783780508,0.000106049358401382,NA,NA,NA,NA,"raw"
81,"Boissy 2011",1,31,"France","FRA","Rainbow trout","Oncorhynchus mykiss","Oncorhynchus mykiss","Recirculating and tanks","Intensive","1 tonne live weight",NA,NA,1.1,"Compound",0.279970603086676,0.419955904630014,0.299968503307153,0.000104988976157503,2767,404,0,0,"raw"
84,"Papatryphon 2003",8,32,"France","FRA","Rainbow trout","Oncorhynchus mykiss","Oncorhynchus mykiss","Recirculating and tanks","Intensive","1 tonne live weight",NA,NA,NA,"",NA,NA,NA,NA,NA,NA,NA,NA,"raw"
84,"Papatryphon 2003",8,33,"France","FRA","Rainbow trout","Oncorhynchus mykiss","Oncorhynchus mykiss","Recirculating and tanks","Intensive","1 tonne live weight",NA,NA,NA,"",NA,NA,NA,NA,NA,NA,NA,NA,"raw"
84,"Papatryphon 2003",8,34,"France","FRA","Rainbow trout","Oncorhynchus mykiss","Oncorhynchus mykiss","Recirculating and tanks","Intensive","1 tonne live weight",NA,NA,NA,"",NA,NA,NA,NA,NA,NA,NA,NA,"raw"
85,"Papatryphon 2003",8,35,"France","FRA","Rainbow trout","Oncorhynchus mykiss","Oncorhynchus mykiss","Recirculating and tanks","Intensive","1 tonne live weight",NA,NA,NA,"",NA,NA,NA,NA,NA,NA,NA,NA,"raw"
85,"Papatryphon 2003",8,36,"France","FRA","Rainbow trout","Oncorhynchus mykiss","Oncorhynchus mykiss","Recirculating and tanks","Intensive","1 tonne live weight",NA,NA,NA,"",NA,NA,NA,NA,NA,NA,NA,NA,"raw"
85,"Papatryphon 2003",8,37,"France","FRA","Rainbow trout","Oncorhynchus mykiss","Oncorhynchus mykiss","Recirculating and tanks","Intensive","1 tonne live weight",NA,NA,NA,"",NA,NA,NA,NA,NA,NA,NA,NA,"raw"
86,"Papatryphon 2003",8,38,"France","FRA","Rainbow trout","Oncorhynchus mykiss","Oncorhynchus mykiss","Recirculating and tanks","Intensive","1 tonne live weight",NA,NA,NA,"",NA,NA,NA,NA,NA,NA,NA,NA,"raw"
86,"Papatryphon 2003",8,39,"France","FRA","Rainbow trout","Oncorhynchus mykiss","Oncorhynchus mykiss","Recirculating and tanks","Intensive","1 tonne live weight",NA,NA,NA,"",NA,NA,NA,NA,NA,NA,NA,NA,"raw"
86,"Papatryphon 2003",8,40,"France","FRA","Rainbow trout","Oncorhynchus mykiss","Oncorhynchus mykiss","Recirculating and tanks","Intensive","1 tonne live weight",NA,NA,NA,"",NA,NA,NA,NA,NA,NA,NA,NA,"raw"
87,"SamuelFitwi 2013",1,41,"Germany, Denmark",NA,"Rainbow trout","Oncorhynchus mykiss","Oncorhynchus mykiss","Ponds","Intensive","1 tonne live weight",20,NA,0.9,"Compound",NA,NA,NA,NA,2554,0,0,0,"raw"
88,"SamuelFitwi 2013",1,42,"Germany","DEU","Rainbow trout","Oncorhynchus mykiss","Oncorhynchus mykiss","Ponds","Intensive","1 tonne live weight",1600,NA,1.2,"Compound",NA,NA,NA,NA,NA,NA,NA,NA,"raw"
89,"SamuelFitwi 2013",1,43,"Denmark","DNK","Rainbow trout","Oncorhynchus mykiss","Oncorhynchus mykiss","Recirculating and tanks","Intensive","1 tonne live weight",15,NA,0.9,"Compound",NA,NA,NA,NA,19622,0,0,0,"raw"
90,"Gronroos 2006",1,44,"Finland","FIN","Rainbow trout","Oncorhynchus mykiss","Oncorhynchus mykiss","Cages & pens","Intensive","1 tonne slaughtered (ungutted)",NA,NA,1.3,"Compound",0.138282425899235,0.170193754952904,0.691412129496173,0.000111689651687843,NA,NA,NA,NA,"raw"
91,"dOrbcastel 2009",1,45,"France","FRA","Salmonids nei","Salmonidae","Salmonidae","Recirculating and tanks","Intensive","1 tonne live weight",NA,NA,1.1,"Compound",NA,NA,NA,NA,NA,NA,NA,NA,"raw"
92,"Tyedmers 2007",1,46,"United Kingdom","GBR","Salmonids nei","Salmonidae","Salmonidae","Cages & pens","Intensive","1 tonne fillets",NA,NA,NA,"",NA,NA,NA,NA,NA,NA,NA,NA,"raw"
143,"CajasDeGliniewicz 2016",1,47,"United States","USA","Mediterranean mussel","Mytilus galloprovincialis","Mytilus galloprovincialis","On- and off-bottom","Extensive","1 kg wet weight",NA,NA,NA,"Unfed",NA,NA,NA,NA,NA,NA,NA,NA,"raw"
144,"Lourguioui 2017",1,48,"Algeria","DZA","Mediterranean mussel","Mytilus galloprovincialis","Mytilus galloprovincialis","On- and off-bottom","Extensive","1 tonne wet weight",NA,NA,NA,"Unfed",NA,NA,NA,NA,227,110,0,0,"raw"
145,"Ziegler 2013",1,49,"Norway","NOR","Blue mussel","Mytilus edulis","Mytilus edulis","On- and off-bottom","Extensive","1 kg edible yield",NA,NA,NA,"Unfed",NA,NA,NA,NA,0,0,0,0,"raw"
148,"Medeiros 2017",3,50,"Brazil","BRA","Weakfishes nei","Cynoscion spp","Cynoscion spp","Ponds","Semi-intensive","1 kg animal biomass liveweight",864.7482819,170,1.1,"Compound",NA,NA,NA,NA,1362,0,0,0,"raw"
148,"Medeiros 2017",3,51,"Brazil","BRA","Weakfishes nei","Cynoscion spp","Cynoscion spp","Ponds","Semi-intensive","1 kg animal biomass liveweight",864.7482819,170,1.1,"Compound",NA,NA,NA,NA,1362,0,0,0,"raw"
149,"Avadi 2015",5,52,"Peru","PER","Weakfishes nei","Cynoscion spp","Cynoscion spp","Ponds","Semi-intensive","1 tonne live weight",1000,NA,1.7,"Compound",0.354127933923894,0.58326953822759,0.0624931648100989,0.000109363038417673,0,11,0,0,"raw"
149,"Avadi 2015",5,53,"Peru","PER","Weakfishes nei","Cynoscion spp","Cynoscion spp","Ponds","Semi-intensive","1 tonne live weight",1000,NA,1.7,"Compound",0.354127933923894,0.58326953822759,0.0624931648100989,0.000109363038417673,0,11,0,0,"raw"
157,"Yacout 2016",2,54,"Egypt","EGY","Nile tilapia","Oreochromis niloticus","Oreochromis niloticus","Ponds","Intensive","1 tonne live weight",NA,210,1.4,"Compound",0.306898787749788,0.336598670435252,0.356398592225561,0.000103949589399122,0,101,0,0,"raw"
158,"Yacout 2016",2,55,"Egypt","EGY","Nile tilapia","Oreochromis niloticus","Oreochromis niloticus","Ponds","Semi-intensive","1 tonne live weight",NA,210,1.4,"Compound",0.306898787749788,0.336598670435252,0.356398592225561,0.000103949589399122,0,27,0,0,"raw"
161,"Huysveld 2013",4,56,"Vietnam","VNM","Pangas catfishes nei","Pangasius spp","Pangasius spp","Ponds","Intensive","1 tonne live weight",18,216,1.5,"Compound",0.25,0.64,0.09,0.02,NA,NA,NA,NA,"raw"
161,"Huysveld 2013",4,57,"Vietnam","VNM","Pangas catfishes nei","Pangasius spp","Pangasius spp","Ponds","Intensive","1 tonne live weight",18,216,1.5,"Compound",0.25,0.64,0.09,0.02,NA,NA,NA,NA,"raw"
162,"Kluts 2012",28,58,"Vietnam","VNM","Pangas catfishes nei","Pangasius spp","Pangasius spp","Ponds","Intensive","t tonne fresh",23.41920375,NA,1.9,"Compound",0.21426275756169,0.652991261140388,0.132638849919141,0.000107131378780845,41,0,0,0,"raw"
162,"Kluts 2012",28,59,"Vietnam","VNM","Pangas catfishes nei","Pangasius spp","Pangasius spp","Ponds","Intensive","t tonne fresh",23.41920375,NA,1.9,"Compound",0.21426275756169,0.652991261140388,0.132638849919141,0.000107131378780845,41,0,0,0,"raw"
162,"Kluts 2012",28,60,"Vietnam","VNM","Pangas catfishes nei","Pangasius spp","Pangasius spp","Ponds","Intensive","t tonne fresh",23.41920375,NA,1.9,"Compound",0.21426275756169,0.652991261140388,0.132638849919141,0.000107131378780845,41,0,0,0,"raw"
162,"Kluts 2012",28,61,"Vietnam","VNM","Pangas catfishes nei","Pangasius spp","Pangasius spp","Ponds","Intensive","t tonne fresh",23.41920375,NA,1.9,"Compound",0.21426275756169,0.652991261140388,0.132638849919141,0.000107131378780845,41,0,0,0,"raw"
162,"Kluts 2012",28,62,"Vietnam","VNM","Pangas catfishes nei","Pangasius spp","Pangasius spp","Ponds","Intensive","t tonne fresh",23.41920375,NA,1.9,"Compound",0.21426275756169,0.652991261140388,0.132638849919141,0.000107131378780845,41,0,0,0,"raw"
163,"Kluts 2012",11,63,"Vietnam","VNM","Pangas catfishes nei","Pangasius spp","Pangasius spp","Ponds","Intensive","1 tonne fresh",2793.296089,NA,0.2,"Compound",0.353497861337939,0.575696517036072,0.0706995722675878,0.000106049358401382,74,0,0,0,"raw"
163,"Kluts 2012",11,64,"Vietnam","VNM","Pangas catfishes nei","Pangasius spp","Pangasius spp","Ponds","Intensive","1 tonne fresh",2793.296089,NA,0.2,"Compound",0.353497861337939,0.575696517036072,0.0706995722675878,0.000106049358401382,74,0,0,0,"raw"
163,"Kluts 2012",11,65,"Vietnam","VNM","Pangas catfishes nei","Pangasius spp","Pangasius spp","Ponds","Intensive","1 tonne fresh",2793.296089,NA,0.2,"Compound",0.353497861337939,0.575696517036072,0.0706995722675878,0.000106049358401382,74,0,0,0,"raw"
164,"Kluts 2012",11,66,"Vietnam","VNM","Pangas catfishes nei","Pangasius spp","Pangasius spp","Ponds","Intensive","1 tonne fresh",3333.333333,NA,0.1,"Compound",0.353497861337939,0.575696517036072,0.0706995722675878,0.000106049358401382,79,0,0,0,"raw"
164,"Kluts 2012",11,67,"Vietnam","VNM","Pangas catfishes nei","Pangasius spp","Pangasius spp","Ponds","Intensive","1 tonne fresh",3333.333333,NA,0.1,"Compound",0.353497861337939,0.575696517036072,0.0706995722675878,0.000106049358401382,79,0,0,0,"raw"
164,"Kluts 2012",11,68,"Vietnam","VNM","Pangas catfishes nei","Pangasius spp","Pangasius spp","Ponds","Intensive","1 tonne fresh",3333.333333,NA,0.1,"Compound",0.353497861337939,0.575696517036072,0.0706995722675878,0.000106049358401382,79,0,0,0,"raw"
165,"Besson 2016",1,69,"Netherlands","NLD","North African catfish","Clarias gariepinus","Clarias gariepinus","Recirculating and tanks","Intensive","1 tonne at farm gate",NA,NA,0.8,"Compound",0.0908994500583272,0.32319804465183,0.585796455931442,0.000106049358401382,1,0,0,0,"raw"
166,"Abdou 2017",1,70,"Tunisia","TUN","Gilthead seabream","Sparus aurata","Sparus aurata","Cages & pens","Intensive","1 tonne at farm gate",NA,300,1.9,"Compound",0.171698961221285,0.161599022325915,0.666595967094399,0.000106049358401382,NA,NA,NA,NA,"raw"
167,"GarciaGarcia 2016",1,71,"Spain","ESP","Gilthead seabream","Sparus aurata","Sparus aurata","Cages & pens","Intensive","1 tonne at farm gate",NA,NA,2,"Compound",0.239103145836616,0.456469642051722,0.304313094701148,0.000114117410512931,NA,NA,NA,NA,"raw"
168,"Abdou 2017",1,72,"Tunisia","TUN","European seabass","Dicentrarchus labrax","Dicentrarchus labrax","Cages & pens","Intensive","1 tonne at farm gate",NA,540,1.9,"Compound",0.151499083430545,0.181798900116654,0.666595967094399,0.000106049358401382,NA,NA,NA,NA,"raw"
171,"Ziegler 2013",1,73,"Norway","NOR","Atlantic salmon","Salmo salar","Salmo salar","Cages & pens","Intensive","1 kg edible yield",NA,NA,1.2,"Compound",NA,NA,NA,NA,24,15,0,0,"raw"
172,"Ziegler 2013",1,74,"Norway","NOR","Atlantic salmon","Salmo salar","Salmo salar","Cages & pens","Intensive","1 kg edible yield",NA,NA,1.2,"Compound",NA,NA,NA,NA,24,15,0,0,"raw"
173,"Wilfart 2013",1,75,"France","FRA","Atlantic salmon","Salmo salar","Salmo salar","Recirculating and tanks","Intensive","1 tonne live weight",309.1190108,NA,1,"Compound",0.000104977954629528,0.49989502204537,0.49989502204537,0.000104977954629528,4514,1,0,0,"raw"
174,"Hognes 2014",1,76,"Norway","NOR","Atlantic salmon","Salmo salar","Salmo salar","Cages & pens","Intensive","1 kg edible salmon at farm gate",NA,NA,1.3,"Compound",0.000106038113127518,0.575635471263671,0.424152452510074,0.000106038113127518,NA,NA,NA,NA,"raw"
175,"Hognes 2014",1,77,"Norway","NOR","Atlantic salmon","Salmo salar","Salmo salar","Cages & pens","Intensive","1 kg edible salmon at farm gate",NA,NA,1.2,"Compound",0.000108223992743839,0.680265097246988,0.319518454767525,0.000108223992743839,NA,NA,NA,NA,"raw"
176,"Parker 2018",3,78,"Australia","AUS","Atlantic salmon","Salmo salar","Salmo salar","Cages & pens","Intensive","1 kg head-on gutted product",NA,NA,1.7,"Compound",0.0537634408602151,0.290322580645161,0.258064516129032,0.397849462365591,67,100,39,1,"raw"
176,"Parker 2018",3,79,"Australia","AUS","Atlantic salmon","Salmo salar","Salmo salar","Cages & pens","Intensive","1 kg head-on gutted product",NA,NA,1.7,"Compound",0.0537634408602151,0.290322580645161,0.258064516129032,0.397849462365591,67,100,39,1,"raw"
178,"Ayer 2016",1,80,"Chile","CHL","Atlantic salmon","Salmo salar","Salmo salar","Cages & pens","Intensive","1 tonne live weight",NA,NA,1.5,"Compound",NA,NA,NA,NA,0,35,0,9,"raw"
179,"Liu 2016",1,81,"United States","USA","Atlantic salmon","Salmo salar","Salmo salar","Recirculating and tanks","Intensive","1 kg head-on gutted product",NA,NA,1.1,"Compound",NA,NA,NA,NA,5460,0,0,0,"raw"
180,"Liu 2016",1,82,"United States","USA","Atlantic salmon","Salmo salar","Salmo salar","Recirculating and tanks","Intensive","1 kg head-on gutted product",NA,NA,1.1,"Compound",NA,NA,NA,NA,5460,0,0,0,"raw"
181,"Liu 2016",1,83,"Norway","NOR","Atlantic salmon","Salmo salar","Salmo salar","Cages & pens","Intensive","1 kg head-on gutted product",NA,NA,1.3,"Compound",NA,NA,NA,NA,0,11,0,0,"raw"
182,"Liu 2016",1,84,"Norway","NOR","Atlantic salmon","Salmo salar","Salmo salar","Cages & pens","Intensive","1 kg head-on gutted product",NA,NA,1.3,"Compound",NA,NA,NA,NA,0,11,0,0,"raw"
183,"Dekamin 2015",1,85,"Iran","IRN","Rainbow trout","Oncorhynchus mykiss","Oncorhynchus mykiss","Recirculating and tanks","Intensive","1 tonne live weight",50,NA,1.2,"Compound",0.0505050505050505,0.464646464646465,0.353535353535354,0.131313131313131,648,14,0,0,"raw"
184,"Dekamin 2015",1,86,"Iran","IRN","Rainbow trout","Oncorhynchus mykiss","Oncorhynchus mykiss","Recirculating and tanks","Intensive","1 tonne live weight",2.5,NA,1.5,"Compound",0.0505050505050505,0.464646464646465,0.353535353535354,0.131313131313131,8100,135,0,0,"raw"
185,"Dekamin 2015",1,87,"Iran","IRN","Rainbow trout","Oncorhynchus mykiss","Oncorhynchus mykiss","Recirculating and tanks","Intensive","1 tonne live weight",5,NA,1.6,"Compound",0.0505050505050505,0.464646464646465,0.353535353535354,0.131313131313131,7603,118,0,0,"raw"
186,"Chen 2015",5,88,"France","FRA","Rainbow trout","Oncorhynchus mykiss","Oncorhynchus mykiss","Recirculating and tanks","Intensive","1 tonne raw fish",NA,NA,1.1,"Compound",NA,NA,NA,NA,NA,NA,NA,NA,"raw"
186,"Chen 2015",5,89,"France","FRA","Rainbow trout","Oncorhynchus mykiss","Oncorhynchus mykiss","Recirculating and tanks","Intensive","1 tonne raw fish",NA,NA,1.1,"Compound",NA,NA,NA,NA,NA,NA,NA,NA,"raw"
187,"Chen 2015",9,90,"France","FRA","Rainbow trout","Oncorhynchus mykiss","Oncorhynchus mykiss","Recirculating and tanks","Intensive","1 tonne raw fish",NA,NA,1.2,"Compound",NA,NA,NA,NA,NA,NA,NA,NA,"raw"
187,"Chen 2015",9,91,"France","FRA","Rainbow trout","Oncorhynchus mykiss","Oncorhynchus mykiss","Recirculating and tanks","Intensive","1 tonne raw fish",NA,NA,1.2,"Compound",NA,NA,NA,NA,NA,NA,NA,NA,"raw"
187,"Chen 2015",9,92,"France","FRA","Rainbow trout","Oncorhynchus mykiss","Oncorhynchus mykiss","Recirculating and tanks","Intensive","1 tonne raw fish",NA,NA,1.2,"Compound",NA,NA,NA,NA,NA,NA,NA,NA,"raw"
188,"Chen 2015",10,93,"France","FRA","Rainbow trout","Oncorhynchus mykiss","Oncorhynchus mykiss","Recirculating and tanks","Intensive","1 tonne raw fish",NA,NA,1.2,"Compound",NA,NA,NA,NA,NA,NA,NA,NA,"raw"
188,"Chen 2015",10,94,"France","FRA","Rainbow trout","Oncorhynchus mykiss","Oncorhynchus mykiss","Recirculating and tanks","Intensive","1 tonne raw fish",NA,NA,1.2,"Compound",NA,NA,NA,NA,NA,NA,NA,NA,"raw"
188,"Chen 2015",10,95,"France","FRA","Rainbow trout","Oncorhynchus mykiss","Oncorhynchus mykiss","Recirculating and tanks","Intensive","1 tonne raw fish",NA,NA,1.2,"Compound",NA,NA,NA,NA,NA,NA,NA,NA,"raw"
189,"Silvenius 2017",1,96,"Finland","FIN","Rainbow trout","Oncorhynchus mykiss","Oncorhynchus mykiss","Cages & pens","Intensive","1 tonne skinless fillet",NA,NA,1.2,"Compound",NA,NA,NA,NA,NA,NA,NA,NA,"raw"
190,"Avadi 2015",5,97,"Peru","PER","Rainbow trout","Oncorhynchus mykiss","Oncorhynchus mykiss","Cages & pens","Intensive","1 tonne live weight",1000,NA,NA,"",NA,NA,NA,NA,NA,NA,NA,NA,"raw"
190,"Avadi 2015",5,98,"Peru","PER","Rainbow trout","Oncorhynchus mykiss","Oncorhynchus mykiss","Cages & pens","Intensive","1 tonne live weight",1000,NA,NA,"",NA,NA,NA,NA,NA,NA,NA,NA,"raw"
191,"Henriksson et al. 2017",40,99,"Egypt","EGY","Tilapia","Oreochromis niloticus","Oreochromis niloticus","Ponds","Intensive","1 tonne live wet-weight",887,270,1.82,"Compound",0.341,0.582,0.068,0.009,265,127,0,0,"raw"
191,"Henriksson et al. 2017",40,100,"Egypt","EGY","Tilapia","Oreochromis niloticus","Oreochromis niloticus","Ponds","Intensive","1 tonne live wet-weight",887,270,1.82,"Compound",0.341,0.582,0.068,0.009,265,127,0,0,"raw"
191,"Henriksson et al. 2017",40,101,"Egypt","EGY","Tilapia","Oreochromis niloticus","Oreochromis niloticus","Ponds","Intensive","1 tonne live wet-weight",887,270,1.82,"Compound",0.341,0.582,0.068,0.009,265,127,0,0,"raw"
191,"Henriksson et al. 2017",40,102,"Egypt","EGY","Tilapia","Oreochromis niloticus","Oreochromis niloticus","Ponds","Intensive","1 tonne live wet-weight",887,270,1.82,"Compound",0.341,0.582,0.068,0.009,265,127,0,0,"raw"
191,"Henriksson et al. 2017",40,103,"Egypt","EGY","Tilapia","Oreochromis niloticus","Oreochromis niloticus","Ponds","Intensive","1 tonne live wet-weight",887,270,1.82,"Compound",0.341,0.582,0.068,0.009,265,127,0,0,"raw"
191,"Henriksson et al. 2017",40,104,"Egypt","EGY","Tilapia","Oreochromis niloticus","Oreochromis niloticus","Ponds","Intensive","1 tonne live wet-weight",887,270,1.82,"Compound",0.341,0.582,0.068,0.009,265,127,0,0,"raw"
192,"Henriksson et al. 2017",69,105,"Egypt","EGY","Tilapia","Oreochromis niloticus","Oreochromis niloticus","Ponds","Intensive","1 tonne live wet-weight",956,270,1.55,"Compound",0.341,0.582,0.068,0.009,265,127,0,0,"raw"
192,"Henriksson et al. 2017",69,106,"Egypt","EGY","Tilapia","Oreochromis niloticus","Oreochromis niloticus","Ponds","Intensive","1 tonne live wet-weight",956,270,1.55,"Compound",0.341,0.582,0.068,0.009,265,127,0,0,"raw"
192,"Henriksson et al. 2017",69,107,"Egypt","EGY","Tilapia","Oreochromis niloticus","Oreochromis niloticus","Ponds","Intensive","1 tonne live wet-weight",956,270,1.55,"Compound",0.341,0.582,0.068,0.009,265,127,0,0,"raw"
192,"Henriksson et al. 2017",69,108,"Egypt","EGY","Tilapia","Oreochromis niloticus","Oreochromis niloticus","Ponds","Intensive","1 tonne live wet-weight",956,270,1.55,"Compound",0.341,0.582,0.068,0.009,265,127,0,0,"raw"
192,"Henriksson et al. 2017",69,109,"Egypt","EGY","Tilapia","Oreochromis niloticus","Oreochromis niloticus","Ponds","Intensive","1 tonne live wet-weight",956,270,1.55,"Compound",0.341,0.582,0.068,0.009,265,127,0,0,"raw"
192,"Henriksson et al. 2017",69,110,"Egypt","EGY","Tilapia","Oreochromis niloticus","Oreochromis niloticus","Ponds","Intensive","1 tonne live wet-weight",956,270,1.55,"Compound",0.341,0.582,0.068,0.009,265,127,0,0,"raw"
192,"Henriksson et al. 2017",69,111,"Egypt","EGY","Tilapia","Oreochromis niloticus","Oreochromis niloticus","Ponds","Intensive","1 tonne live wet-weight",956,270,1.55,"Compound",0.341,0.582,0.068,0.009,265,127,0,0,"raw"
192,"Henriksson et al. 2017",69,112,"Egypt","EGY","Tilapia","Oreochromis niloticus","Oreochromis niloticus","Ponds","Intensive","1 tonne live wet-weight",956,270,1.55,"Compound",0.341,0.582,0.068,0.009,265,127,0,0,"raw"
193,"Henriksson et al. 2017",13,113,"Egypt","EGY","Tilapia","Oreochromis niloticus","Oreochromis niloticus","Ponds","Intensive","1 tonne live wet-weight",792,270,1.35,"Compound",0.341,0.582,0.068,0.009,265,127,0,0,"raw"
193,"Henriksson et al. 2017",13,114,"Egypt","EGY","Tilapia","Oreochromis niloticus","Oreochromis niloticus","Ponds","Intensive","1 tonne live wet-weight",792,270,1.35,"Compound",0.341,0.582,0.068,0.009,265,127,0,0,"raw"
193,"Henriksson et al. 2017",13,115,"Egypt","EGY","Tilapia","Oreochromis niloticus","Oreochromis niloticus","Ponds","Intensive","1 tonne live wet-weight",792,270,1.35,"Compound",0.341,0.582,0.068,0.009,265,127,0,0,"raw"
193,"Henriksson et al. 2017",13,116,"Egypt","EGY","Tilapia","Oreochromis niloticus","Oreochromis niloticus","Ponds","Intensive","1 tonne live wet-weight",792,270,1.35,"Compound",0.341,0.582,0.068,0.009,265,127,0,0,"raw"
194,"Henriksson et al. 2017",15,117,"Egypt","EGY","Tilapia","Oreochromis niloticus","Oreochromis niloticus","Ponds","Intensive","1 tonne live wet-weight",890,270,1.39,"Compound",0.341,0.582,0.068,0.009,265,127,0,0,"raw"
194,"Henriksson et al. 2017",15,118,"Egypt","EGY","Tilapia","Oreochromis niloticus","Oreochromis niloticus","Ponds","Intensive","1 tonne live wet-weight",890,270,1.39,"Compound",0.341,0.582,0.068,0.009,265,127,0,0,"raw"
194,"Henriksson et al. 2017",15,119,"Egypt","EGY","Tilapia","Oreochromis niloticus","Oreochromis niloticus","Ponds","Intensive","1 tonne live wet-weight",890,270,1.39,"Compound",0.341,0.582,0.068,0.009,265,127,0,0,"raw"
194,"Henriksson et al. 2017",15,120,"Egypt","EGY","Tilapia","Oreochromis niloticus","Oreochromis niloticus","Ponds","Intensive","1 tonne live wet-weight",890,270,1.39,"Compound",0.341,0.582,0.068,0.009,265,127,0,0,"raw"
195,"Henriksson et al. 2015",100,121,"China","CHN","Whiteleg shrimp","Litopenaeus vannamei","Litopenaeus vannamei","Ponds","Intensive","1 tonne Peeled tail-on",263,146,1.26,"Compound",0.286969868163843,0.311967243439439,0.400957899420561,0.000104988976157503,3803,80,0,0,"raw"
195,"Henriksson et al. 2015",100,122,"China","CHN","Whiteleg shrimp","Litopenaeus vannamei","Litopenaeus vannamei","Ponds","Intensive","1 tonne Peeled tail-on",263,146,1.26,"Compound",0.286969868163843,0.311967243439439,0.400957899420561,0.000104988976157503,3803,80,0,0,"raw"
195,"Henriksson et al. 2015",100,123,"China","CHN","Whiteleg shrimp","Litopenaeus vannamei","Litopenaeus vannamei","Ponds","Intensive","1 tonne Peeled tail-on",263,146,1.26,"Compound",0.286969868163843,0.311967243439439,0.400957899420561,0.000104988976157503,3803,80,0,0,"raw"
195,"Henriksson et al. 2015",100,124,"China","CHN","Whiteleg shrimp","Litopenaeus vannamei","Litopenaeus vannamei","Ponds","Intensive","1 tonne Peeled tail-on",263,146,1.26,"Compound",0.286969868163843,0.311967243439439,0.400957899420561,0.000104988976157503,3803,80,0,0,"raw"
195,"Henriksson et al. 2015",100,125,"China","CHN","Whiteleg shrimp","Litopenaeus vannamei","Litopenaeus vannamei","Ponds","Intensive","1 tonne Peeled tail-on",263,146,1.26,"Compound",0.286969868163843,0.311967243439439,0.400957899420561,0.000104988976157503,3803,80,0,0,"raw"
195,"Henriksson et al. 2015",100,126,"China","CHN","Whiteleg shrimp","Litopenaeus vannamei","Litopenaeus vannamei","Ponds","Intensive","1 tonne Peeled tail-on",263,146,1.26,"Compound",0.286969868163843,0.311967243439439,0.400957899420561,0.000104988976157503,3803,80,0,0,"raw"
195,"Henriksson et al. 2015",100,127,"China","CHN","Whiteleg shrimp","Litopenaeus vannamei","Litopenaeus vannamei","Ponds","Intensive","1 tonne Peeled tail-on",263,146,1.26,"Compound",0.286969868163843,0.311967243439439,0.400957899420561,0.000104988976157503,3803,80,0,0,"raw"
195,"Henriksson et al. 2015",100,128,"China","CHN","Whiteleg shrimp","Litopenaeus vannamei","Litopenaeus vannamei","Ponds","Intensive","1 tonne Peeled tail-on",263,146,1.26,"Compound",0.286969868163843,0.311967243439439,0.400957899420561,0.000104988976157503,3803,80,0,0,"raw"
195,"Henriksson et al. 2015",100,129,"China","CHN","Whiteleg shrimp","Litopenaeus vannamei","Litopenaeus vannamei","Ponds","Intensive","1 tonne Peeled tail-on",263,146,1.26,"Compound",0.286969868163843,0.311967243439439,0.400957899420561,0.000104988976157503,3803,80,0,0,"raw"
195,"Henriksson et al. 2015",100,130,"China","CHN","Whiteleg shrimp","Litopenaeus vannamei","Litopenaeus vannamei","Ponds","Intensive","1 tonne Peeled tail-on",263,146,1.26,"Compound",0.286969868163843,0.311967243439439,0.400957899420561,0.000104988976157503,3803,80,0,0,"raw"
196,"Henriksson et al. 2015",99,131,"China","CHN","Whiteleg shrimp","Litopenaeus vannamei","Litopenaeus vannamei","Ponds","Semi-intensive","1 tonne Peeled tail-on",784,146,1.32,"Compound",0.286969868163843,0.311967243439439,0.400957899420561,0.000104988976157503,4340,38,1.3,0,"raw"
196,"Henriksson et al. 2015",99,132,"China","CHN","Whiteleg shrimp","Litopenaeus vannamei","Litopenaeus vannamei","Ponds","Semi-intensive","1 tonne Peeled tail-on",784,146,1.32,"Compound",0.286969868163843,0.311967243439439,0.400957899420561,0.000104988976157503,4340,38,1.3,0,"raw"
196,"Henriksson et al. 2015",99,133,"China","CHN","Whiteleg shrimp","Litopenaeus vannamei","Litopenaeus vannamei","Ponds","Semi-intensive","1 tonne Peeled tail-on",784,146,1.32,"Compound",0.286969868163843,0.311967243439439,0.400957899420561,0.000104988976157503,4340,38,1.3,0,"raw"
196,"Henriksson et al. 2015",99,134,"China","CHN","Whiteleg shrimp","Litopenaeus vannamei","Litopenaeus vannamei","Ponds","Semi-intensive","1 tonne Peeled tail-on",784,146,1.32,"Compound",0.286969868163843,0.311967243439439,0.400957899420561,0.000104988976157503,4340,38,1.3,0,"raw"
196,"Henriksson et al. 2015",99,135,"China","CHN","Whiteleg shrimp","Litopenaeus vannamei","Litopenaeus vannamei","Ponds","Semi-intensive","1 tonne Peeled tail-on",784,146,1.32,"Compound",0.286969868163843,0.311967243439439,0.400957899420561,0.000104988976157503,4340,38,1.3,0,"raw"
196,"Henriksson et al. 2015",99,136,"China","CHN","Whiteleg shrimp","Litopenaeus vannamei","Litopenaeus vannamei","Ponds","Semi-intensive","1 tonne Peeled tail-on",784,146,1.32,"Compound",0.286969868163843,0.311967243439439,0.400957899420561,0.000104988976157503,4340,38,1.3,0,"raw"
196,"Henriksson et al. 2015",99,137,"China","CHN","Whiteleg shrimp","Litopenaeus vannamei","Litopenaeus vannamei","Ponds","Semi-intensive","1 tonne Peeled tail-on",784,146,1.32,"Compound",0.286969868163843,0.311967243439439,0.400957899420561,0.000104988976157503,4340,38,1.3,0,"raw"
196,"Henriksson et al. 2015",99,138,"China","CHN","Whiteleg shrimp","Litopenaeus vannamei","Litopenaeus vannamei","Ponds","Semi-intensive","1 tonne Peeled tail-on",784,146,1.32,"Compound",0.286969868163843,0.311967243439439,0.400957899420561,0.000104988976157503,4340,38,1.3,0,"raw"
196,"Henriksson et al. 2015",99,139,"China","CHN","Whiteleg shrimp","Litopenaeus vannamei","Litopenaeus vannamei","Ponds","Semi-intensive","1 tonne Peeled tail-on",784,146,1.32,"Compound",0.286969868163843,0.311967243439439,0.400957899420561,0.000104988976157503,4340,38,1.3,0,"raw"
196,"Henriksson et al. 2015",99,140,"China","CHN","Whiteleg shrimp","Litopenaeus vannamei","Litopenaeus vannamei","Ponds","Semi-intensive","1 tonne Peeled tail-on",784,146,1.32,"Compound",0.286969868163843,0.311967243439439,0.400957899420561,0.000104988976157503,4340,38,1.3,0,"raw"
197,"Henriksson et al. 2015",104,141,"Thailand","THA","Whiteleg shrimp","Litopenaeus vannamei","Litopenaeus vannamei","Ponds","Intensive","1 tonne Peeled tail-on",261,119,1.48,"Compound",0.269,0.423,0.288,0.02,3917,310,0.5,12.936,"raw"
197,"Henriksson et al. 2015",104,142,"Thailand","THA","Whiteleg shrimp","Litopenaeus vannamei","Litopenaeus vannamei","Ponds","Intensive","1 tonne Peeled tail-on",261,119,1.48,"Compound",0.269,0.423,0.288,0.02,3917,310,0.5,12.936,"raw"
197,"Henriksson et al. 2015",104,143,"Thailand","THA","Whiteleg shrimp","Litopenaeus vannamei","Litopenaeus vannamei","Ponds","Intensive","1 tonne Peeled tail-on",261,119,1.48,"Compound",0.269,0.423,0.288,0.02,3917,310,0.5,12.936,"raw"
197,"Henriksson et al. 2015",104,144,"Thailand","THA","Whiteleg shrimp","Litopenaeus vannamei","Litopenaeus vannamei","Ponds","Intensive","1 tonne Peeled tail-on",261,119,1.48,"Compound",0.269,0.423,0.288,0.02,3917,310,0.5,12.936,"raw"
197,"Henriksson et al. 2015",104,145,"Thailand","THA","Whiteleg shrimp","Litopenaeus vannamei","Litopenaeus vannamei","Ponds","Intensive","1 tonne Peeled tail-on",261,119,1.48,"Compound",0.269,0.423,0.288,0.02,3917,310,0.5,12.936,"raw"
197,"Henriksson et al. 2015",104,146,"Thailand","THA","Whiteleg shrimp","Litopenaeus vannamei","Litopenaeus vannamei","Ponds","Intensive","1 tonne Peeled tail-on",261,119,1.48,"Compound",0.269,0.423,0.288,0.02,3917,310,0.5,12.936,"raw"
197,"Henriksson et al. 2015",104,147,"Thailand","THA","Whiteleg shrimp","Litopenaeus vannamei","Litopenaeus vannamei","Ponds","Intensive","1 tonne Peeled tail-on",261,119,1.48,"Compound",0.269,0.423,0.288,0.02,3917,310,0.5,12.936,"raw"
197,"Henriksson et al. 2015",104,148,"Thailand","THA","Whiteleg shrimp","Litopenaeus vannamei","Litopenaeus vannamei","Ponds","Intensive","1 tonne Peeled tail-on",261,119,1.48,"Compound",0.269,0.423,0.288,0.02,3917,310,0.5,12.936,"raw"
197,"Henriksson et al. 2015",104,149,"Thailand","THA","Whiteleg shrimp","Litopenaeus vannamei","Litopenaeus vannamei","Ponds","Intensive","1 tonne Peeled tail-on",261,119,1.48,"Compound",0.269,0.423,0.288,0.02,3917,310,0.5,12.936,"raw"
197,"Henriksson et al. 2015",104,150,"Thailand","THA","Whiteleg shrimp","Litopenaeus vannamei","Litopenaeus vannamei","Ponds","Intensive","1 tonne Peeled tail-on",261,119,1.48,"Compound",0.269,0.423,0.288,0.02,3917,310,0.5,12.936,"raw"
198,"Henriksson et al. 2015",77,151,"Thailand","THA","Whiteleg shrimp","Litopenaeus vannamei","Litopenaeus vannamei","Ponds","Intensive","1 tonne Peeled tail-on",266,130,1.49,"Compound",0.269,0.423,0.288,0.02,1163,32,0.4,940.8,"raw"
198,"Henriksson et al. 2015",77,152,"Thailand","THA","Whiteleg shrimp","Litopenaeus vannamei","Litopenaeus vannamei","Ponds","Intensive","1 tonne Peeled tail-on",266,130,1.49,"Compound",0.269,0.423,0.288,0.02,1163,32,0.4,940.8,"raw"
198,"Henriksson et al. 2015",77,153,"Thailand","THA","Whiteleg shrimp","Litopenaeus vannamei","Litopenaeus vannamei","Ponds","Intensive","1 tonne Peeled tail-on",266,130,1.49,"Compound",0.269,0.423,0.288,0.02,1163,32,0.4,940.8,"raw"
198,"Henriksson et al. 2015",77,154,"Thailand","THA","Whiteleg shrimp","Litopenaeus vannamei","Litopenaeus vannamei","Ponds","Intensive","1 tonne Peeled tail-on",266,130,1.49,"Compound",0.269,0.423,0.288,0.02,1163,32,0.4,940.8,"raw"
198,"Henriksson et al. 2015",77,155,"Thailand","THA","Whiteleg shrimp","Litopenaeus vannamei","Litopenaeus vannamei","Ponds","Intensive","1 tonne Peeled tail-on",266,130,1.49,"Compound",0.269,0.423,0.288,0.02,1163,32,0.4,940.8,"raw"
198,"Henriksson et al. 2015",77,156,"Thailand","THA","Whiteleg shrimp","Litopenaeus vannamei","Litopenaeus vannamei","Ponds","Intensive","1 tonne Peeled tail-on",266,130,1.49,"Compound",0.269,0.423,0.288,0.02,1163,32,0.4,940.8,"raw"
198,"Henriksson et al. 2015",77,157,"Thailand","THA","Whiteleg shrimp","Litopenaeus vannamei","Litopenaeus vannamei","Ponds","Intensive","1 tonne Peeled tail-on",266,130,1.49,"Compound",0.269,0.423,0.288,0.02,1163,32,0.4,940.8,"raw"
198,"Henriksson et al. 2015",77,158,"Thailand","THA","Whiteleg shrimp","Litopenaeus vannamei","Litopenaeus vannamei","Ponds","Intensive","1 tonne Peeled tail-on",266,130,1.49,"Compound",0.269,0.423,0.288,0.02,1163,32,0.4,940.8,"raw"
198,"Henriksson et al. 2015",77,159,"Thailand","THA","Whiteleg shrimp","Litopenaeus vannamei","Litopenaeus vannamei","Ponds","Intensive","1 tonne Peeled tail-on",266,130,1.49,"Compound",0.269,0.423,0.288,0.02,1163,32,0.4,940.8,"raw"
199,"Henriksson et al. 2015",30,160,"Vietnam","VNM","Whiteleg shrimp","Litopenaeus vannamei","Litopenaeus vannamei","Ponds","Intensive","1 tonne Peeled tail-on",513,121.6666667,1.25,"Compound",0.278,0.328,0.285,0.109,264,385,0,0,"raw"
199,"Henriksson et al. 2015",30,161,"Vietnam","VNM","Whiteleg shrimp","Litopenaeus vannamei","Litopenaeus vannamei","Ponds","Intensive","1 tonne Peeled tail-on",513,121.6666667,1.25,"Compound",0.278,0.328,0.285,0.109,264,385,0,0,"raw"
199,"Henriksson et al. 2015",30,162,"Vietnam","VNM","Whiteleg shrimp","Litopenaeus vannamei","Litopenaeus vannamei","Ponds","Intensive","1 tonne Peeled tail-on",513,121.6666667,1.25,"Compound",0.278,0.328,0.285,0.109,264,385,0,0,"raw"
199,"Henriksson et al. 2015",30,163,"Vietnam","VNM","Whiteleg shrimp","Litopenaeus vannamei","Litopenaeus vannamei","Ponds","Intensive","1 tonne Peeled tail-on",513,121.6666667,1.25,"Compound",0.278,0.328,0.285,0.109,264,385,0,0,"raw"
199,"Henriksson et al. 2015",30,164,"Vietnam","VNM","Whiteleg shrimp","Litopenaeus vannamei","Litopenaeus vannamei","Ponds","Intensive","1 tonne Peeled tail-on",513,121.6666667,1.25,"Compound",0.278,0.328,0.285,0.109,264,385,0,0,"raw"
200,"Henriksson et al. 2015",20,165,"Vietnam","VNM","Asian Tiger shrimp","Penaeus monodon","Penaeus monodon","Ponds","Intensive","1 tonne headless shell-on",2010,330,1.59,"Compound",0.278,0.328,0.285,0.109,2480,141,0,0,"raw"
200,"Henriksson et al. 2015",20,166,"Vietnam","VNM","Asian Tiger shrimp","Penaeus monodon","Penaeus monodon","Ponds","Intensive","1 tonne headless shell-on",2010,330,1.59,"Compound",0.278,0.328,0.285,0.109,2480,141,0,0,"raw"
200,"Henriksson et al. 2015",20,167,"Vietnam","VNM","Asian Tiger shrimp","Penaeus monodon","Penaeus monodon","Ponds","Intensive","1 tonne headless shell-on",2010,330,1.59,"Compound",0.278,0.328,0.285,0.109,2480,141,0,0,"raw"
200,"Henriksson et al. 2015",20,168,"Vietnam","VNM","Asian Tiger shrimp","Penaeus monodon","Penaeus monodon","Ponds","Intensive","1 tonne headless shell-on",2010,330,1.59,"Compound",0.278,0.328,0.285,0.109,2480,141,0,0,"raw"
201,"Henriksson et al. 2015",60,169,"Vietnam","VNM","Asian Tiger shrimp","Penaeus monodon","Penaeus monodon","Ponds","Semi-intensive","1 tonne headless shell-on",2380,185,1.67,"Compound",0.278,0.328,0.285,0.109,845,272,0,0,"raw"
201,"Henriksson et al. 2015",60,170,"Vietnam","VNM","Asian Tiger shrimp","Penaeus monodon","Penaeus monodon","Ponds","Semi-intensive","1 tonne headless shell-on",2380,185,1.67,"Compound",0.278,0.328,0.285,0.109,845,272,0,0,"raw"
201,"Henriksson et al. 2015",60,171,"Vietnam","VNM","Asian Tiger shrimp","Penaeus monodon","Penaeus monodon","Ponds","Semi-intensive","1 tonne headless shell-on",2380,185,1.67,"Compound",0.278,0.328,0.285,0.109,845,272,0,0,"raw"
201,"Henriksson et al. 2015",60,172,"Vietnam","VNM","Asian Tiger shrimp","Penaeus monodon","Penaeus monodon","Ponds","Semi-intensive","1 tonne headless shell-on",2380,185,1.67,"Compound",0.278,0.328,0.285,0.109,845,272,0,0,"raw"
201,"Henriksson et al. 2015",60,173,"Vietnam","VNM","Asian Tiger shrimp","Penaeus monodon","Penaeus monodon","Ponds","Semi-intensive","1 tonne headless shell-on",2380,185,1.67,"Compound",0.278,0.328,0.285,0.109,845,272,0,0,"raw"
201,"Henriksson et al. 2015",60,174,"Vietnam","VNM","Asian Tiger shrimp","Penaeus monodon","Penaeus monodon","Ponds","Semi-intensive","1 tonne headless shell-on",2380,185,1.67,"Compound",0.278,0.328,0.285,0.109,845,272,0,0,"raw"
201,"Henriksson et al. 2015",60,175,"Vietnam","VNM","Asian Tiger shrimp","Penaeus monodon","Penaeus monodon","Ponds","Semi-intensive","1 tonne headless shell-on",2380,185,1.67,"Compound",0.278,0.328,0.285,0.109,845,272,0,0,"raw"
201,"Henriksson et al. 2015",60,176,"Vietnam","VNM","Asian Tiger shrimp","Penaeus monodon","Penaeus monodon","Ponds","Semi-intensive","1 tonne headless shell-on",2380,185,1.67,"Compound",0.278,0.328,0.285,0.109,845,272,0,0,"raw"
202,"Henriksson et al. 2015",65,177,"Bangladesh","BGD","Asian Tiger shrimp and 800 kg carp","Penaeus monodon","Penaeus monodon","Ponds","Imp. extensive","1 tonne live wet-weight",34400,180,0.307734807,"Compound",0.094,0.812,0.0571,0.0369,2.900552486,81.2479688,0,0,"raw"
202,"Henriksson et al. 2015",65,178,"Bangladesh","BGD","Asian Tiger shrimp and 800 kg carp","Penaeus monodon","Penaeus monodon","Ponds","Imp. extensive","1 tonne live wet-weight",34400,180,0.307734807,"Compound",0.094,0.812,0.0571,0.0369,2.900552486,81.2479688,0,0,"raw"
202,"Henriksson et al. 2015",65,179,"Bangladesh","BGD","Asian Tiger shrimp and 800 kg carp","Penaeus monodon","Penaeus monodon","Ponds","Imp. extensive","1 tonne live wet-weight",34400,180,0.307734807,"Compound",0.094,0.812,0.0571,0.0369,2.900552486,81.2479688,0,0,"raw"
202,"Henriksson et al. 2015",65,180,"Bangladesh","BGD","Asian Tiger shrimp and 800 kg carp","Penaeus monodon","Penaeus monodon","Ponds","Imp. extensive","1 tonne live wet-weight",34400,180,0.307734807,"Compound",0.094,0.812,0.0571,0.0369,2.900552486,81.2479688,0,0,"raw"
202,"Henriksson et al. 2015",65,181,"Bangladesh","BGD","Asian Tiger shrimp and 800 kg carp","Penaeus monodon","Penaeus monodon","Ponds","Imp. extensive","1 tonne live wet-weight",34400,180,0.307734807,"Compound",0.094,0.812,0.0571,0.0369,2.900552486,81.2479688,0,0,"raw"
202,"Henriksson et al. 2015",65,182,"Bangladesh","BGD","Asian Tiger shrimp and 800 kg carp","Penaeus monodon","Penaeus monodon","Ponds","Imp. extensive","1 tonne live wet-weight",34400,180,0.307734807,"Compound",0.094,0.812,0.0571,0.0369,2.900552486,81.2479688,0,0,"raw"
202,"Henriksson et al. 2015",65,183,"Bangladesh","BGD","Asian Tiger shrimp and 800 kg carp","Penaeus monodon","Penaeus monodon","Ponds","Imp. extensive","1 tonne live wet-weight",34400,180,0.307734807,"Compound",0.094,0.812,0.0571,0.0369,2.900552486,81.2479688,0,0,"raw"
202,"Henriksson et al. 2015",65,184,"Bangladesh","BGD","Asian Tiger shrimp and 800 kg carp","Penaeus monodon","Penaeus monodon","Ponds","Imp. extensive","1 tonne live wet-weight",34400,180,0.307734807,"Compound",0.094,0.812,0.0571,0.0369,2.900552486,81.2479688,0,0,"raw"
203,"Henriksson et al. 2015",24,185,"Bangladesh","BGD","Asian Tiger shrimp","Penaeus monodon","Penaeus monodon","Ponds","Imp. extensive","1 tonne live wet-weight",57000,180,1.646653543,"Compound",0.0001999800019998,0.999600039996,9.99900009999e-05,9.99900009999e-05,86.31889764,116.9522927,0,0,"raw"
203,"Henriksson et al. 2015",24,186,"Bangladesh","BGD","Asian Tiger shrimp","Penaeus monodon","Penaeus monodon","Ponds","Imp. extensive","1 tonne live wet-weight",57000,180,1.646653543,"Compound",0.0001999800019998,0.999600039996,9.99900009999e-05,9.99900009999e-05,86.31889764,116.9522927,0,0,"raw"
203,"Henriksson et al. 2015",24,187,"Bangladesh","BGD","Asian Tiger shrimp","Penaeus monodon","Penaeus monodon","Ponds","Imp. extensive","1 tonne live wet-weight",57000,180,1.646653543,"Compound",0.0001999800019998,0.999600039996,9.99900009999e-05,9.99900009999e-05,86.31889764,116.9522927,0,0,"raw"
203,"Henriksson et al. 2015",24,188,"Bangladesh","BGD","Asian Tiger shrimp","Penaeus monodon","Penaeus monodon","Ponds","Imp. extensive","1 tonne live wet-weight",57000,180,1.646653543,"Compound",0.0001999800019998,0.999600039996,9.99900009999e-05,9.99900009999e-05,86.31889764,116.9522927,0,0,"raw"
203,"Henriksson et al. 2015",24,189,"Bangladesh","BGD","Asian Tiger shrimp","Penaeus monodon","Penaeus monodon","Ponds","Imp. extensive","1 tonne live wet-weight",57000,180,1.646653543,"Compound",0.0001999800019998,0.999600039996,9.99900009999e-05,9.99900009999e-05,86.31889764,116.9522927,0,0,"raw"
206,"Henriksson et al. 2015",29,190,"China","CHN","Tilapia","Oreochromis niloticus","Oreochromis niloticus","Ponds","Semi-intensive","1 tonne fillets",293,NA,1.48,"Compound",0.275971023042581,0.650931652176521,0.0729923358047405,0.000104988976157503,528,1.081730769,0.1,0,"raw"
206,"Henriksson et al. 2015",29,191,"China","CHN","Tilapia","Oreochromis niloticus","Oreochromis niloticus","Ponds","Semi-intensive","1 tonne fillets",293,NA,1.48,"Compound",0.275971023042581,0.650931652176521,0.0729923358047405,0.000104988976157503,528,1.081730769,0.1,0,"raw"
206,"Henriksson et al. 2015",29,192,"China","CHN","Tilapia","Oreochromis niloticus","Oreochromis niloticus","Ponds","Semi-intensive","1 tonne fillets",293,NA,1.48,"Compound",0.275971023042581,0.650931652176521,0.0729923358047405,0.000104988976157503,528,1.081730769,0.1,0,"raw"
206,"Henriksson et al. 2015",29,193,"China","CHN","Tilapia","Oreochromis niloticus","Oreochromis niloticus","Ponds","Semi-intensive","1 tonne fillets",293,NA,1.48,"Compound",0.275971023042581,0.650931652176521,0.0729923358047405,0.000104988976157503,528,1.081730769,0.1,0,"raw"
206,"Henriksson et al. 2015",29,194,"China","CHN","Tilapia","Oreochromis niloticus","Oreochromis niloticus","Ponds","Semi-intensive","1 tonne fillets",293,NA,1.48,"Compound",0.275971023042581,0.650931652176521,0.0729923358047405,0.000104988976157503,528,1.081730769,0.1,0,"raw"
207,"Henriksson et al. 2015",59,195,"China","CHN","Tilapia","Oreochromis niloticus","Oreochromis niloticus","Ponds","Semi-intensive","1 tonne fillets",438.5,NA,1.81,"Compound",0.275971023042581,0.650931652176521,0.0729923358047405,0.000104988976157503,378,1.081730769,0.1,0,"raw"
207,"Henriksson et al. 2015",59,196,"China","CHN","Tilapia","Oreochromis niloticus","Oreochromis niloticus","Ponds","Semi-intensive","1 tonne fillets",438.5,NA,1.81,"Compound",0.275971023042581,0.650931652176521,0.0729923358047405,0.000104988976157503,378,1.081730769,0.1,0,"raw"
207,"Henriksson et al. 2015",59,197,"China","CHN","Tilapia","Oreochromis niloticus","Oreochromis niloticus","Ponds","Semi-intensive","1 tonne fillets",438.5,NA,1.81,"Compound",0.275971023042581,0.650931652176521,0.0729923358047405,0.000104988976157503,378,1.081730769,0.1,0,"raw"
207,"Henriksson et al. 2015",59,198,"China","CHN","Tilapia","Oreochromis niloticus","Oreochromis niloticus","Ponds","Semi-intensive","1 tonne fillets",438.5,NA,1.81,"Compound",0.275971023042581,0.650931652176521,0.0729923358047405,0.000104988976157503,378,1.081730769,0.1,0,"raw"
207,"Henriksson et al. 2015",59,199,"China","CHN","Tilapia","Oreochromis niloticus","Oreochromis niloticus","Ponds","Semi-intensive","1 tonne fillets",438.5,NA,1.81,"Compound",0.275971023042581,0.650931652176521,0.0729923358047405,0.000104988976157503,378,1.081730769,0.1,0,"raw"
207,"Henriksson et al. 2015",59,200,"China","CHN","Tilapia","Oreochromis niloticus","Oreochromis niloticus","Ponds","Semi-intensive","1 tonne fillets",438.5,NA,1.81,"Compound",0.275971023042581,0.650931652176521,0.0729923358047405,0.000104988976157503,378,1.081730769,0.1,0,"raw"
207,"Henriksson et al. 2015",59,201,"China","CHN","Tilapia","Oreochromis niloticus","Oreochromis niloticus","Ponds","Semi-intensive","1 tonne fillets",438.5,NA,1.81,"Compound",0.275971023042581,0.650931652176521,0.0729923358047405,0.000104988976157503,378,1.081730769,0.1,0,"raw"
207,"Henriksson et al. 2015",59,202,"China","CHN","Tilapia","Oreochromis niloticus","Oreochromis niloticus","Ponds","Semi-intensive","1 tonne fillets",438.5,NA,1.81,"Compound",0.275971023042581,0.650931652176521,0.0729923358047405,0.000104988976157503,378,1.081730769,0.1,0,"raw"
208,"Henriksson et al. 2015",7,203,"China","CHN","Tilapia","Oreochromis niloticus","Oreochromis niloticus","Cages & pens","Semi-intensive","1 tonne fillets",318.5,NA,1.66,"Compound",0.275971023042581,0.650931652176521,0.0729923358047405,0.000104988976157503,139,1.081730769,0,0,"raw"
208,"Henriksson et al. 2015",7,204,"China","CHN","Tilapia","Oreochromis niloticus","Oreochromis niloticus","Cages & pens","Semi-intensive","1 tonne fillets",318.5,NA,1.66,"Compound",0.275971023042581,0.650931652176521,0.0729923358047405,0.000104988976157503,139,1.081730769,0,0,"raw"
208,"Henriksson et al. 2015",7,205,"China","CHN","Tilapia","Oreochromis niloticus","Oreochromis niloticus","Cages & pens","Semi-intensive","1 tonne fillets",318.5,NA,1.66,"Compound",0.275971023042581,0.650931652176521,0.0729923358047405,0.000104988976157503,139,1.081730769,0,0,"raw"
210,"Henriksson et al. 2015",110,206,"Vietnam","VNM","Pangasius","Pangasius hypophthalmus","Pangasianodon hypophthalmus","Ponds","Intensive","1 tonne fillets",27.9,240,1.899,"Compound",0.364,0.53,0.072,0.034,102,9.975961538,0,0,"raw"
210,"Henriksson et al. 2015",110,207,"Vietnam","VNM","Pangasius","Pangasius hypophthalmus","Pangasianodon hypophthalmus","Ponds","Intensive","1 tonne fillets",27.9,240,1.899,"Compound",0.364,0.53,0.072,0.034,102,9.975961538,0,0,"raw"
210,"Henriksson et al. 2015",110,208,"Vietnam","VNM","Pangasius","Pangasius hypophthalmus","Pangasianodon hypophthalmus","Ponds","Intensive","1 tonne fillets",27.9,240,1.899,"Compound",0.364,0.53,0.072,0.034,102,9.975961538,0,0,"raw"
210,"Henriksson et al. 2015",110,209,"Vietnam","VNM","Pangasius","Pangasius hypophthalmus","Pangasianodon hypophthalmus","Ponds","Intensive","1 tonne fillets",27.9,240,1.899,"Compound",0.364,0.53,0.072,0.034,102,9.975961538,0,0,"raw"
210,"Henriksson et al. 2015",110,210,"Vietnam","VNM","Pangasius","Pangasius hypophthalmus","Pangasianodon hypophthalmus","Ponds","Intensive","1 tonne fillets",27.9,240,1.899,"Compound",0.364,0.53,0.072,0.034,102,9.975961538,0,0,"raw"
210,"Henriksson et al. 2015",110,211,"Vietnam","VNM","Pangasius","Pangasius hypophthalmus","Pangasianodon hypophthalmus","Ponds","Intensive","1 tonne fillets",27.9,240,1.899,"Compound",0.364,0.53,0.072,0.034,102,9.975961538,0,0,"raw"
210,"Henriksson et al. 2015",110,212,"Vietnam","VNM","Pangasius","Pangasius hypophthalmus","Pangasianodon hypophthalmus","Ponds","Intensive","1 tonne fillets",27.9,240,1.899,"Compound",0.364,0.53,0.072,0.034,102,9.975961538,0,0,"raw"
210,"Henriksson et al. 2015",110,213,"Vietnam","VNM","Pangasius","Pangasius hypophthalmus","Pangasianodon hypophthalmus","Ponds","Intensive","1 tonne fillets",27.9,240,1.899,"Compound",0.364,0.53,0.072,0.034,102,9.975961538,0,0,"raw"
210,"Henriksson et al. 2015",110,214,"Vietnam","VNM","Pangasius","Pangasius hypophthalmus","Pangasianodon hypophthalmus","Ponds","Intensive","1 tonne fillets",27.9,240,1.899,"Compound",0.364,0.53,0.072,0.034,102,9.975961538,0,0,"raw"
210,"Henriksson et al. 2015",110,215,"Vietnam","VNM","Pangasius","Pangasius hypophthalmus","Pangasianodon hypophthalmus","Ponds","Intensive","1 tonne fillets",27.9,240,1.899,"Compound",0.364,0.53,0.072,0.034,102,9.975961538,0,0,"raw"
211,"Henriksson et al. 2015",64,216,"Vietnam","VNM","Pangasius","Pangasius hypophthalmus","Pangasianodon hypophthalmus","Ponds","Intensive","1 tonne fillets",23,240,1.896,"Compound",0.364,0.53,0.072,0.034,177,9.254807692,0,0,"raw"
211,"Henriksson et al. 2015",64,217,"Vietnam","VNM","Pangasius","Pangasius hypophthalmus","Pangasianodon hypophthalmus","Ponds","Intensive","1 tonne fillets",23,240,1.896,"Compound",0.364,0.53,0.072,0.034,177,9.254807692,0,0,"raw"
211,"Henriksson et al. 2015",64,218,"Vietnam","VNM","Pangasius","Pangasius hypophthalmus","Pangasianodon hypophthalmus","Ponds","Intensive","1 tonne fillets",23,240,1.896,"Compound",0.364,0.53,0.072,0.034,177,9.254807692,0,0,"raw"
211,"Henriksson et al. 2015",64,219,"Vietnam","VNM","Pangasius","Pangasius hypophthalmus","Pangasianodon hypophthalmus","Ponds","Intensive","1 tonne fillets",23,240,1.896,"Compound",0.364,0.53,0.072,0.034,177,9.254807692,0,0,"raw"
211,"Henriksson et al. 2015",64,220,"Vietnam","VNM","Pangasius","Pangasius hypophthalmus","Pangasianodon hypophthalmus","Ponds","Intensive","1 tonne fillets",23,240,1.896,"Compound",0.364,0.53,0.072,0.034,177,9.254807692,0,0,"raw"
211,"Henriksson et al. 2015",64,221,"Vietnam","VNM","Pangasius","Pangasius hypophthalmus","Pangasianodon hypophthalmus","Ponds","Intensive","1 tonne fillets",23,240,1.896,"Compound",0.364,0.53,0.072,0.034,177,9.254807692,0,0,"raw"
211,"Henriksson et al. 2015",64,222,"Vietnam","VNM","Pangasius","Pangasius hypophthalmus","Pangasianodon hypophthalmus","Ponds","Intensive","1 tonne fillets",23,240,1.896,"Compound",0.364,0.53,0.072,0.034,177,9.254807692,0,0,"raw"
211,"Henriksson et al. 2015",64,223,"Vietnam","VNM","Pangasius","Pangasius hypophthalmus","Pangasianodon hypophthalmus","Ponds","Intensive","1 tonne fillets",23,240,1.896,"Compound",0.364,0.53,0.072,0.034,177,9.254807692,0,0,"raw"
212,"Henriksson et al. 2015",38,224,"Vietnam","VNM","Pangasius","Pangasius hypophthalmus","Pangasianodon hypophthalmus","Ponds","Intensive","1 tonne fillets",21.5,236,1.59,"Compound",0.364,0.53,0.072,0.034,56.8,1.478365385,0,0,"raw"
212,"Henriksson et al. 2015",38,225,"Vietnam","VNM","Pangasius","Pangasius hypophthalmus","Pangasianodon hypophthalmus","Ponds","Intensive","1 tonne fillets",21.5,236,1.59,"Compound",0.364,0.53,0.072,0.034,56.8,1.478365385,0,0,"raw"
212,"Henriksson et al. 2015",38,226,"Vietnam","VNM","Pangasius","Pangasius hypophthalmus","Pangasianodon hypophthalmus","Ponds","Intensive","1 tonne fillets",21.5,236,1.59,"Compound",0.364,0.53,0.072,0.034,56.8,1.478365385,0,0,"raw"
212,"Henriksson et al. 2015",38,227,"Vietnam","VNM","Pangasius","Pangasius hypophthalmus","Pangasianodon hypophthalmus","Ponds","Intensive","1 tonne fillets",21.5,236,1.59,"Compound",0.364,0.53,0.072,0.034,56.8,1.478365385,0,0,"raw"
212,"Henriksson et al. 2015",38,228,"Vietnam","VNM","Pangasius","Pangasius hypophthalmus","Pangasianodon hypophthalmus","Ponds","Intensive","1 tonne fillets",21.5,236,1.59,"Compound",0.364,0.53,0.072,0.034,56.8,1.478365385,0,0,"raw"
212,"Henriksson et al. 2015",38,229,"Vietnam","VNM","Pangasius","Pangasius hypophthalmus","Pangasianodon hypophthalmus","Ponds","Intensive","1 tonne fillets",21.5,236,1.59,"Compound",0.364,0.53,0.072,0.034,56.8,1.478365385,0,0,"raw"
213,"Henriksson et al. 2019",4,230,"Indonesia","IDN","Tilapia","Oreochromis niloticus","Oreochromis niloticus","Ponds","Intensive","1 tonne live wet-weight",58,NA,1.66,"Compound",0.26,0.445,0.125,0.17,0,75.72115385,0,0,"raw"
213,"Henriksson et al. 2019",4,231,"Indonesia","IDN","Tilapia","Oreochromis niloticus","Oreochromis niloticus","Ponds","Intensive","1 tonne live wet-weight",58,NA,1.66,"Compound",0.26,0.445,0.125,0.17,0,75.72115385,0,0,"raw"
214,"Henriksson et al. 2019",5,232,"Indonesia","IDN","Tilapia","Oreochromis niloticus","Oreochromis niloticus","Cages & pens","Intensive","1 tonne live wet-weight",NA,NA,1.6,"Compound",0.26,0.445,0.125,0.17,56,0,0,0,"raw"
214,"Henriksson et al. 2019",5,233,"Indonesia","IDN","Tilapia","Oreochromis niloticus","Oreochromis niloticus","Cages & pens","Intensive","1 tonne live wet-weight",NA,NA,1.6,"Compound",0.26,0.445,0.125,0.17,56,0,0,0,"raw"
215,"Henriksson et al. 2019",8,234,"Indonesia","IDN","Common carp","Cyprinus carpio","Cyprinus carpio","Ponds","Intensive","1 tonne live wet-weight",32.7,NA,1.78,"Compound",0.26,0.445,0.115,0.18,372,0,0,0,"raw"
215,"Henriksson et al. 2019",8,235,"Indonesia","IDN","Common carp","Cyprinus carpio","Cyprinus carpio","Ponds","Intensive","1 tonne live wet-weight",32.7,NA,1.78,"Compound",0.26,0.445,0.115,0.18,372,0,0,0,"raw"
215,"Henriksson et al. 2019",8,236,"Indonesia","IDN","Common carp","Cyprinus carpio","Cyprinus carpio","Ponds","Intensive","1 tonne live wet-weight",32.7,NA,1.78,"Compound",0.26,0.445,0.115,0.18,372,0,0,0,"raw"
216,"Henriksson et al. 2019",6,237,"Indonesia","IDN","Common carp","Cyprinus carpio","Cyprinus carpio","Cages & pens","Intensive","1 tonne live wet-weight",NA,NA,1.81,"Compound",0.26,0.445,0.115,0.18,515,0,0,0,"raw"
216,"Henriksson et al. 2019",6,238,"Indonesia","IDN","Common carp","Cyprinus carpio","Cyprinus carpio","Cages & pens","Intensive","1 tonne live wet-weight",NA,NA,1.81,"Compound",0.26,0.445,0.115,0.18,515,0,0,0,"raw"
217,"Henriksson et al. 2019",5,239,"Indonesia","IDN","Clarias","Clarias batrachus","Clarias batrachus","Ponds","Intensive","1 tonne live wet-weight",32.7,NA,1.17,"Compound",0.25,0.495,0.095,0.16,18,0,0,0,"raw"
217,"Henriksson et al. 2019",5,240,"Indonesia","IDN","Clarias","Clarias batrachus","Clarias batrachus","Ponds","Intensive","1 tonne live wet-weight",32.7,NA,1.17,"Compound",0.25,0.495,0.095,0.16,18,0,0,0,"raw"
218,"Henriksson et al. 2019",3,241,"Indonesia","IDN","Pangasius","Pangasius hypophthalmus","Pangasianodon hypophthalmus","Ponds","Intensive","1 tonne live wet-weight",195,NA,1.4,"Compound",0.27,0.595,0.075,0.06,8.7,0,0,0,"raw"
218,"Henriksson et al. 2019",3,242,"Indonesia","IDN","Pangasius","Pangasius hypophthalmus","Pangasianodon hypophthalmus","Ponds","Intensive","1 tonne live wet-weight",195,NA,1.4,"Compound",0.27,0.595,0.075,0.06,8.7,0,0,0,"raw"
219,"Henriksson et al. 2019",6,243,"Indonesia","IDN","Pangasius","Pangasius hypophthalmus","Pangasianodon hypophthalmus","Cages & pens","Intensive","1 tonne live wet-weight",NA,NA,1.5,"Compound",0.27,0.595,0.075,0.06,90,0,0,0,"raw"
219,"Henriksson et al. 2019",6,244,"Indonesia","IDN","Pangasius","Pangasius hypophthalmus","Pangasianodon hypophthalmus","Cages & pens","Intensive","1 tonne live wet-weight",NA,NA,1.5,"Compound",0.27,0.595,0.075,0.06,90,0,0,0,"raw"
220,"Henriksson et al. 2019",1,245,"Indonesia","IDN","Milkfish","Chanos chanos","Chanos chanos","Ponds","Semi-intensive","1 tonne live wet-weight",6666.666667,NA,3,"Compound",0.06,0.895,0.025,0.02,0,0,0,0,"raw"
220,"Henriksson et al. 2019",1,246,"Indonesia","IDN","Milkfish","Chanos chanos","Chanos chanos","Ponds","Semi-intensive","1 tonne live wet-weight",1190.47619,NA,1.666666667,"Compound",0.06,0.895,0.025,0.02,142.8571429,0,0,0,"raw"
220,"Henriksson et al. 2019",1,247,"Indonesia","IDN","Milkfish","Chanos chanos","Chanos chanos","Ponds","Semi-intensive","1 tonne live wet-weight",13333.33333,NA,1.3,"Compound",0.06,0.895,0.025,0.02,625,0,0,0,"raw"
220,"Henriksson et al. 2019",1,248,"Indonesia","IDN","Milkfish","Chanos chanos","Chanos chanos","Cages & pens","Intensive","1 tonne live wet-weight",10.68,NA,1.7,"Compound",0.06,0.895,0.025,0.02,0,0,0,0,"raw"
222,"Henriksson et al. 2019",11,249,"Indonesia","IDN","L vannamei","Litopenaeus vannamei","Litopenaeus vannamei","Ponds","Semi-intensive","1 tonne live wet-weight",1120,NA,1.45,"Compound",0.32,0.44,0.21,0.03,283,98.55769231,0,0,"raw"
222,"Henriksson et al. 2019",11,250,"Indonesia","IDN","L vannamei","Litopenaeus vannamei","Litopenaeus vannamei","Ponds","Semi-intensive","1 tonne live wet-weight",1120,NA,1.45,"Compound",0.32,0.44,0.21,0.03,283,98.55769231,0,0,"raw"
222,"Henriksson et al. 2019",11,251,"Indonesia","IDN","L vannamei","Litopenaeus vannamei","Litopenaeus vannamei","Ponds","Semi-intensive","1 tonne live wet-weight",1120,NA,1.45,"Compound",0.32,0.44,0.21,0.03,283,98.55769231,0,0,"raw"
223,"Henriksson et al. 2019",5,252,"Indonesia","IDN","Grouper","Epinephelus spp","Epinephelus spp","Cages & pens","Intensive","1 tonne live wet-weight",NA,NA,3.418,"Whole fish and pellets",0.0740740740740741,0.444444444444444,0.444444444444444,0.037037037037037,0,0,1962.616822,0,"raw"
223,"Henriksson et al. 2019",5,253,"Indonesia","IDN","Grouper","Epinephelus spp","Epinephelus spp","Cages & pens","Intensive","1 tonne live wet-weight",NA,NA,3.418,"Whole fish and pellets",0.0740740740740741,0.444444444444444,0.444444444444444,0.037037037037037,0,0,1962.616822,0,"raw"
224,"Robb et al. 2017",10,254,"Bangladesh","BGD","Nile tilapia","Oreochromis niloticus","Oreochromis niloticus","Ponds","Semi-intensive","1 tonne live wet-weight",261,184,1.59,"Compound",0.599790073474284,0.000349877542859999,0.199930024491428,0.199930024491428,120,7.8,0,0,"raw"
224,"Robb et al. 2017",10,255,"Bangladesh","BGD","Nile tilapia","Oreochromis niloticus","Oreochromis niloticus","Ponds","Semi-intensive","1 tonne live wet-weight",261,184,1.59,"Compound",0.599790073474284,0.000349877542859999,0.199930024491428,0.199930024491428,120,7.8,0,0,"raw"
224,"Robb et al. 2017",10,256,"Bangladesh","BGD","Nile tilapia","Oreochromis niloticus","Oreochromis niloticus","Ponds","Semi-intensive","1 tonne live wet-weight",261,184,1.59,"Compound",0.599790073474284,0.000349877542859999,0.199930024491428,0.199930024491428,120,7.8,0,0,"raw"
225,"Robb et al. 2017",6,257,"India","IND","Major carps","Labeo rohita and Catla Catla","Cyprinidae","Ponds","Semi-intensive","1 tonne live wet-weight",633,230,1.8,"Mixed",0.896227228072594,0.000361937919029317,0.0689405560055842,0.0344702780027921,71.7,11.8,3.6,0,"raw"
225,"Robb et al. 2017",6,258,"India","IND","Major carps","Labeo rohita and Catla Catla","Cyprinidae","Ponds","Semi-intensive","1 tonne live wet-weight",633,230,1.8,"Mixed",0.896227228072594,0.000361937919029317,0.0689405560055842,0.0344702780027921,71.7,11.8,3.6,0,"raw"
226,"Robb et al. 2017",10,259,"Vietnam","VNM","Pangasius","Pangasius hypophthalmus","Pangasianodon hypophthalmus","Ponds","Intensive","1 tonne live wet-weight",17.3,220,1.69,"Compound",0.726810211683474,0.00031797946761152,0.00031797946761152,0.272553829381303,56,0.14,0,0,"raw"
226,"Robb et al. 2017",10,260,"Vietnam","VNM","Pangasius","Pangasius hypophthalmus","Pangasianodon hypophthalmus","Ponds","Intensive","1 tonne live wet-weight",17.3,220,1.69,"Compound",0.726810211683474,0.00031797946761152,0.00031797946761152,0.272553829381303,56,0.14,0,0,"raw"
226,"Robb et al. 2017",10,261,"Vietnam","VNM","Pangasius","Pangasius hypophthalmus","Pangasianodon hypophthalmus","Ponds","Intensive","1 tonne live wet-weight",17.3,220,1.69,"Compound",0.726810211683474,0.00031797946761152,0.00031797946761152,0.272553829381303,56,0.14,0,0,"raw"
227,"Aubin et al. 2018",6,262,"France","FRA","Blue mussel","Mytilus edulis","Mytilus edulis","On- and off-bottom","Extensive","1 tonne of packed ready-to-cook mussels at farm gate",567,365,0,"Unfed",NA,NA,NA,NA,127,51,0,0,"raw"
227,"Aubin et al. 2018",6,263,"France","FRA","Blue mussel","Mytilus edulis","Mytilus edulis","On- and off-bottom","Extensive","1 tonne of packed ready-to-cook mussels at farm gate",567,365,0,"Unfed",NA,NA,NA,NA,127,51,0,0,"raw"
228,"Lourguioui et al. 2017",1,264,"Algeria","DZA","Mediterranean mussel","Mytilus galloprovincialis","Mytilus galloprovincialis","On- and off-bottom","Extensive","1 tonne live weight",10,365,0,"Unfed",NA,NA,NA,NA,227,0,93,0,"raw"
229,"Stewart 1995",1,265,"United Kingdom","GBR","Blue mussel","Mytilus edulis","Mytilus edulis","On- and off-bottom","Extensive","1 tonne live weight",NA,365,0,"Unfed",NA,NA,NA,NA,0,0,70.1754386,0,"raw"
230,"Iribarren 2010a",1,266,"Spain","ESP","Blue mussel","Mytilus edulis","Mytilus edulis","On- and off-bottom","Extensive","1 tonne live weight",6,365,0,"Unfed",NA,NA,NA,NA,0,16,0,0,"raw"
231,"Meyhoff Fry 2012",1,267,"United Kingdom","GBR","Blue mussel","Mytilus edulis","Mytilus edulis","On- and off-bottom","Extensive","1 tonne live weight",NA,365,0,"Unfed",NA,NA,NA,NA,46,29,0,0,"raw"
232,"Meyhoff Fry 2012",1,268,"United Kingdom","GBR","Oyster","Crassostrea gigas","Crassostrea gigas","On- and off-bottom","Extensive","1 tonne live weight",NA,365,0,"Unfed",NA,NA,NA,NA,716,48,0,0,"raw"
233,"Tamburini et al. 2020",30,269,"Italy","ITA","Mediterranean mussel","Mytilus galloprovincialis","Mytilus galloprovincialis","On- and off-bottom","Extensive","1 tonne live weight",1540,365,0,"Unfed",NA,NA,NA,NA,0,22,0,0,"raw"
233,"Tamburini et al. 2020",30,270,"Italy","ITA","Mediterranean mussel","Mytilus galloprovincialis","Mytilus galloprovincialis","On- and off-bottom","Extensive","1 tonne live weight",1540,365,0,"Unfed",NA,NA,NA,NA,0,22,0,0,"raw"
233,"Tamburini et al. 2020",30,271,"Italy","ITA","Mediterranean mussel","Mytilus galloprovincialis","Mytilus galloprovincialis","On- and off-bottom","Extensive","1 tonne live weight",1540,365,0,"Unfed",NA,NA,NA,NA,0,22,0,0,"raw"
233,"Tamburini et al. 2020",30,272,"Italy","ITA","Mediterranean mussel","Mytilus galloprovincialis","Mytilus galloprovincialis","On- and off-bottom","Extensive","1 tonne live weight",1540,365,0,"Unfed",NA,NA,NA,NA,0,22,0,0,"raw"
233,"Tamburini et al. 2020",30,273,"Italy","ITA","Mediterranean mussel","Mytilus galloprovincialis","Mytilus galloprovincialis","On- and off-bottom","Extensive","1 tonne live weight",1540,365,0,"Unfed",NA,NA,NA,NA,0,22,0,0,"raw"
234,"Tamburini et al. 2020",1,274,"Italy","ITA","Oyster","Crassostrea gigas","Crassostrea gigas","On- and off-bottom","Extensive","1 tonne live weight",14400,365,0,"Unfed",NA,NA,NA,NA,168,96,0,0,"raw"
235,"Alvarado Morales et al. 2013",1,275,"Denmark","DNK","Brown seaweed","Laminaria digitata","Laminaria digitata","On- and off-bottom","Extensive","1 tonne dry weight",NA,365,0,"Unfed",NA,NA,NA,NA,30,30,30,0,"raw"
236,"Thomas et al. 2020",1,276,"Sweden","SWE","Brown seaweed","Saccharina latissima","Saccharina latissima","On- and off-bottom","Extensive","1 tonne dry weight",NA,365,0,"Unfed",NA,NA,NA,NA,43.23031641,1.911671212,0,0,"raw"
237,"van Oirschot et al. 2017",1,277,"N/A",NA,"Brown seaweed","Saccharina latissima","Saccharina latissima","On- and off-bottom","Extensive","1 tonne dry weight",NA,365,0,"Unfed",NA,NA,NA,NA,0,0.037295423,0,0,"raw"
238,"Aitken et al. 2014",1,278,"Chile","CHL","Red seaweed","Gracilaria chilensis","Gracilaria chilensis","On- and off-bottom","Extensive","1 tonne dry weight",NA,365,0,"Unfed",NA,NA,NA,NA,0.352201258,5.660377358,0,0,"raw"
239,"Aitken et al. 2014",1,279,"Chile","CHL","Red seaweed","Gracilaria chilensis","Gracilaria chilensis","On- and off-bottom","Extensive","1 tonne dry weight",NA,365,0,"Unfed",NA,NA,NA,NA,2.531073446,0.545049505,0,0,"raw"
240,"Aitken et al. 2014",1,280,"Chile","CHL","Brown seaweed","Macrocystis pyrifera","Macrocystis pyrifera","On- and off-bottom","Extensive","1 tonne dry weight",NA,365,0,"Unfed",NA,NA,NA,NA,55.20965909,0.532386364,0,0,"raw"
241,"Chinese yearbook 2019",1,281,"China","CHN","Silver carp and bighead carp","Hypophthalmichthys molitrix and Hypophthalmichthys nobilis","Mixed H. molitrix and H. nobilis","Cages & pens","Extensive","1 tonne live wet-weight",8953,365,0,"Unfed",NA,NA,NA,NA,0,0,0,0,"raw"
242,"Chinese yearbook 2019",1,282,"China","CHN","Silver carp and bighead carp","Hypophthalmichthys molitrix and Hypophthalmichthys nobilis","Mixed H. molitrix and H. nobilis","Cages & pens","Extensive","1 tonne live wet-weight",6525,365,0,"Unfed",NA,NA,NA,NA,0,0,0,0,"raw"
243,"Liu et al. 2017",149,283,"China","CHN","Common carp (33%), Grass carp (21%), Crucian carp (9%), silver carp (9%), bighead carp (7%), and other carp (21%)","","Cyprinidae","Cages & pens","Semi-intensive","1 tonne live wet-weight",NA,365,1.1634,"Compound",0.11010233378632,0.814522164435349,0.0396037275512031,0.0357717742271278,NA,NA,NA,NA,"raw"
243,"Liu et al. 2017",149,284,"China","CHN","Common carp (33%), Grass carp (21%), Crucian carp (9%), silver carp (9%), bighead carp (7%), and other carp (21%)","","Cyprinidae","Cages & pens","Semi-intensive","1 tonne live wet-weight",NA,365,1.1634,"Compound",0.11010233378632,0.814522164435349,0.0396037275512031,0.0357717742271278,NA,NA,NA,NA,"raw"
243,"Liu et al. 2017",149,285,"China","CHN","Common carp (33%), Grass carp (21%), Crucian carp (9%), silver carp (9%), bighead carp (7%), and other carp (21%)","","Cyprinidae","Cages & pens","Semi-intensive","1 tonne live wet-weight",NA,365,1.1634,"Compound",0.11010233378632,0.814522164435349,0.0396037275512031,0.0357717742271278,NA,NA,NA,NA,"raw"
243,"Liu et al. 2017",149,286,"China","CHN","Common carp (33%), Grass carp (21%), Crucian carp (9%), silver carp (9%), bighead carp (7%), and other carp (21%)","","Cyprinidae","Cages & pens","Semi-intensive","1 tonne live wet-weight",NA,365,1.1634,"Compound",0.11010233378632,0.814522164435349,0.0396037275512031,0.0357717742271278,NA,NA,NA,NA,"raw"
243,"Liu et al. 2017",149,287,"China","CHN","Common carp (33%), Grass carp (21%), Crucian carp (9%), silver carp (9%), bighead carp (7%), and other carp (21%)","","Cyprinidae","Cages & pens","Semi-intensive","1 tonne live wet-weight",NA,365,1.1634,"Compound",0.11010233378632,0.814522164435349,0.0396037275512031,0.0357717742271278,NA,NA,NA,NA,"raw"
243,"Liu et al. 2017",149,288,"China","CHN","Common carp (33%), Grass carp (21%), Crucian carp (9%), silver carp (9%), bighead carp (7%), and other carp (21%)","","Cyprinidae","Cages & pens","Semi-intensive","1 tonne live wet-weight",NA,365,1.1634,"Compound",0.11010233378632,0.814522164435349,0.0396037275512031,0.0357717742271278,NA,NA,NA,NA,"raw"
243,"Liu et al. 2017",149,289,"China","CHN","Common carp (33%), Grass carp (21%), Crucian carp (9%), silver carp (9%), bighead carp (7%), and other carp (21%)","","Cyprinidae","Cages & pens","Semi-intensive","1 tonne live wet-weight",NA,365,1.1634,"Compound",0.11010233378632,0.814522164435349,0.0396037275512031,0.0357717742271278,NA,NA,NA,NA,"raw"
243,"Liu et al. 2017",149,290,"China","CHN","Common carp (33%), Grass carp (21%), Crucian carp (9%), silver carp (9%), bighead carp (7%), and other carp (21%)","","Cyprinidae","Cages & pens","Semi-intensive","1 tonne live wet-weight",NA,365,1.1634,"Compound",0.11010233378632,0.814522164435349,0.0396037275512031,0.0357717742271278,NA,NA,NA,NA,"raw"
243,"Liu et al. 2017",149,291,"China","CHN","Common carp (33%), Grass carp (21%), Crucian carp (9%), silver carp (9%), bighead carp (7%), and other carp (21%)","","Cyprinidae","Cages & pens","Semi-intensive","1 tonne live wet-weight",NA,365,1.1634,"Compound",0.11010233378632,0.814522164435349,0.0396037275512031,0.0357717742271278,NA,NA,NA,NA,"raw"
243,"Liu et al. 2017",149,292,"China","CHN","Common carp (33%), Grass carp (21%), Crucian carp (9%), silver carp (9%), bighead carp (7%), and other carp (21%)","","Cyprinidae","Cages & pens","Semi-intensive","1 tonne live wet-weight",NA,365,1.1634,"Compound",0.11010233378632,0.814522164435349,0.0396037275512031,0.0357717742271278,NA,NA,NA,NA,"raw"
243,"Liu et al. 2017",149,293,"China","CHN","Common carp (33%), Grass carp (21%), Crucian carp (9%), silver carp (9%), bighead carp (7%), and other carp (21%)","","Cyprinidae","Cages & pens","Semi-intensive","1 tonne live wet-weight",NA,365,1.1634,"Compound",0.11010233378632,0.814522164435349,0.0396037275512031,0.0357717742271278,NA,NA,NA,NA,"raw"
243,"Liu et al. 2017",149,294,"China","CHN","Common carp (33%), Grass carp (21%), Crucian carp (9%), silver carp (9%), bighead carp (7%), and other carp (21%)","","Cyprinidae","Cages & pens","Semi-intensive","1 tonne live wet-weight",NA,365,1.1634,"Compound",0.11010233378632,0.814522164435349,0.0396037275512031,0.0357717742271278,NA,NA,NA,NA,"raw"
244,"National Aquatic Product Technology Extension Station. 2017.",1,295,"China","CHN","Common carp, bighead,silver carp, and grass carp","Chinese fed carp","Cyprinidae","Ponds","Semi-intensive","1 tonne live wet-weight",333.3333333,365,1.4,"Compound",0.145,0.785,0.022,0.048,11400,0,0,0,"raw"
245,"National Aquatic Product Technology Extension Station. 2017.",1,296,"China","CHN","Common carp, bighead,silver carp, and grass carp","Chinese fed carp","Cyprinidae","Ponds","Semi-intensive","1 tonne live wet-weight",444.4444444,365,1.5,"Compound",0.145,0.785,0.022,0.048,9000,0,0,0,"raw"
246,"National Aquatic Product Technology Extension Station. 2017.",1,297,"China","CHN","Common carp, bighead,silver carp, and grass carp","Chinese fed carp","Cyprinidae","Ponds","Semi-intensive","1 tonne live wet-weight",444.4444444,365,1.4,"Compound",0.145,0.785,0.022,0.048,10200,0,0,0,"raw"
247,"National Aquatic Product Technology Extension Station. 2017.",1,298,"China","CHN","Common carp, bighead,silver carp, and grass carp","Chinese fed carp","Cyprinidae","Ponds","Semi-intensive","1 tonne live wet-weight",952.3809524,365,1.7,"Compound",0.145,0.785,0.022,0.048,2250,0,0,0,"raw"
248,"National Aquatic Product Technology Extension Station. 2017.",1,299,"China","CHN","Common carp, bighead,silver carp, and grass carp","Chinese fed carp","Cyprinidae","Ponds","Semi-intensive","1 tonne live wet-weight",444.4444444,365,2.2,"Compound",0.145,0.785,0.022,0.048,150,0,0,0,"raw"
249,"National Aquatic Product Technology Extension Station. 2017.",1,300,"China","CHN","Common carp, bighead,silver carp, and grass carp","Chinese fed carp","Cyprinidae","Ponds","Semi-intensive","1 tonne live wet-weight",266.6666667,365,1.4,"Compound",0.145,0.785,0.022,0.048,15000,0,0,0,"raw"
250,"National Aquatic Product Technology Extension Station. 2017.",1,301,"China","CHN","Common carp, bighead,silver carp, and grass carp","Chinese fed carp","Cyprinidae","Ponds","Semi-intensive","1 tonne live wet-weight",266.6666667,365,2.3,"Compound",0.145,0.785,0.022,0.048,6000,0,0,0,"raw"
251,"National Aquatic Product Technology Extension Station. 2017.",1,302,"China","CHN","Common carp, bighead,silver carp, and grass carp","Chinese fed carp","Cyprinidae","Ponds","Semi-intensive","1 tonne live wet-weight",333.3333333,365,1.3,"Compound",0.145,0.785,0.022,0.048,1500,0,0,0,"raw"
252,"National Aquatic Product Technology Extension Station. 2017.",1,303,"China","CHN","Common carp, bighead,silver carp, and grass carp","Chinese fed carp","Cyprinidae","Ponds","Semi-intensive","1 tonne live wet-weight",666.6666667,365,1.6,"Compound",0.145,0.785,0.022,0.048,4500,0,0,0,"raw"
253,"National Aquatic Product Technology Extension Station. 2017.",1,304,"China","CHN","Common carp, bighead,silver carp, and grass carp","Chinese fed carp","Cyprinidae","Ponds","Semi-intensive","1 tonne live wet-weight",238.0952381,365,1.4,"Compound",0.145,0.785,0.022,0.048,7500,0,0,0,"raw"
254,"National Aquatic Product Technology Extension Station. 2017.",1,305,"China","CHN","Common carp","Chinese fed carp","Cyprinidae","Ponds","Semi-intensive","1 tonne live wet-weight",444.4444444,365,1.4,"Compound",0.145,0.785,0.022,0.048,4500,0,0,0,"raw"
255,"National Aquatic Product Technology Extension Station. 2017.",1,306,"China","CHN","Common carp, bighead,silver carp, and grass carp","Chinese fed carp","Cyprinidae","Ponds","Semi-intensive","1 tonne live wet-weight",666.6666667,365,1.7,"Compound",0.145,0.785,0.022,0.048,6000,0,0,0,"raw"
256,"National Aquatic Product Technology Extension Station. 2017.",1,307,"China","CHN","Common carp, bighead,silver carp, and grass carp","Chinese fed carp","Cyprinidae","Ponds","Semi-intensive","1 tonne live wet-weight",1212.121212,365,1.8,"Compound",0.145,0.785,0.022,0.048,2250,0,0,0,"raw"
257,"National Aquatic Product Technology Extension Station. 2017.",1,308,"China","CHN","Common carp, bighead,silver carp, and grass carp","Chinese fed carp","Cyprinidae","Recirculating and tanks","Intensive","1 tonne live wet-weight",33.33333333,365,NA,"Compound",0.145,0.785,0.022,0.048,13500,0,0,0,"raw"
258,"National Aquatic Product Technology Extension Station. 2017.",1,309,"China","CHN","Common carp, bighead,silver carp, and grass carp","Chinese fed carp","Cyprinidae","Ponds","Semi-intensive","1 tonne live wet-weight",444.4444444,365,1.4,"Compound",0.145,0.785,0.022,0.048,7500,0,0,0,"raw"
259,"National Aquatic Product Technology Extension Station. 2017.",1,310,"China","CHN","Common carp, bighead,silver carp, and grass carp","Chinese fed carp","Cyprinidae","Ponds","Semi-intensive","1 tonne live wet-weight",289.8550725,365,1.6,"Compound",0.145,0.785,0.022,0.048,9750,0,0,0,"raw"
260,"National Aquatic Product Technology Extension Station. 2017.",1,311,"China","CHN","Common carp, bighead,silver carp, and grass carp","Chinese fed carp","Cyprinidae","Ponds","Semi-intensive","1 tonne live wet-weight",266.6666667,365,1.6,"Compound",0.145,0.785,0.022,0.048,12750,0,0,0,"raw"
261,"National Aquatic Product Technology Extension Station. 2017.",1,312,"China","CHN","Common carp, bighead,silver carp, and grass carp","Chinese fed carp","Cyprinidae","Ponds","Semi-intensive","1 tonne live wet-weight",266.6666667,365,1.6,"Compound",0.145,0.785,0.022,0.048,12750,0,0,0,"raw"
262,"National Aquatic Product Technology Extension Station. 2017.",1,313,"China","CHN","Common carp, bighead,silver carp, and grass carp","Chinese fed carp","Cyprinidae","Ponds","Semi-intensive","1 tonne live wet-weight",310.0775194,365,1.4,"Compound",0.145,0.785,0.022,0.048,9000,0,0,0,"raw"
263,"Feng et al. 2017",106,314,"China","CHN","Grass carp (76%), bighead carp (5%), silver carp (8%), and crucian carp (12%)","","Cyprinidae","Ponds","Semi-intensive","1 tonne live wet-weight",438,365,1.71,"Compound",0.190745986779981,0.747875354107649,0.0236071765816808,0.0377714825306893,470,0,0,0,"raw"
263,"Feng et al. 2017",106,315,"China","CHN","Grass carp (76%), bighead carp (5%), silver carp (8%), and crucian carp (12%)","","Cyprinidae","Ponds","Semi-intensive","1 tonne live wet-weight",438,365,1.71,"Compound",0.190745986779981,0.747875354107649,0.0236071765816808,0.0377714825306893,470,0,0,0,"raw"
263,"Feng et al. 2017",106,316,"China","CHN","Grass carp (76%), bighead carp (5%), silver carp (8%), and crucian carp (12%)","","Cyprinidae","Ponds","Semi-intensive","1 tonne live wet-weight",438,365,1.71,"Compound",0.190745986779981,0.747875354107649,0.0236071765816808,0.0377714825306893,470,0,0,0,"raw"
263,"Feng et al. 2017",106,317,"China","CHN","Grass carp (76%), bighead carp (5%), silver carp (8%), and crucian carp (12%)","","Cyprinidae","Ponds","Semi-intensive","1 tonne live wet-weight",438,365,1.71,"Compound",0.190745986779981,0.747875354107649,0.0236071765816808,0.0377714825306893,470,0,0,0,"raw"
263,"Feng et al. 2017",106,318,"China","CHN","Grass carp (76%), bighead carp (5%), silver carp (8%), and crucian carp (12%)","","Cyprinidae","Ponds","Semi-intensive","1 tonne live wet-weight",438,365,1.71,"Compound",0.190745986779981,0.747875354107649,0.0236071765816808,0.0377714825306893,470,0,0,0,"raw"
263,"Feng et al. 2017",106,319,"China","CHN","Grass carp (76%), bighead carp (5%), silver carp (8%), and crucian carp (12%)","","Cyprinidae","Ponds","Semi-intensive","1 tonne live wet-weight",438,365,1.71,"Compound",0.190745986779981,0.747875354107649,0.0236071765816808,0.0377714825306893,470,0,0,0,"raw"
263,"Feng et al. 2017",106,320,"China","CHN","Grass carp (76%), bighead carp (5%), silver carp (8%), and crucian carp (12%)","","Cyprinidae","Ponds","Semi-intensive","1 tonne live wet-weight",438,365,1.71,"Compound",0.190745986779981,0.747875354107649,0.0236071765816808,0.0377714825306893,470,0,0,0,"raw"
263,"Feng et al. 2017",106,321,"China","CHN","Grass carp (76%), bighead carp (5%), silver carp (8%), and crucian carp (12%)","","Cyprinidae","Ponds","Semi-intensive","1 tonne live wet-weight",438,365,1.71,"Compound",0.190745986779981,0.747875354107649,0.0236071765816808,0.0377714825306893,470,0,0,0,"raw"
263,"Feng et al. 2017",106,322,"China","CHN","Grass carp (76%), bighead carp (5%), silver carp (8%), and crucian carp (12%)","","Cyprinidae","Ponds","Semi-intensive","1 tonne live wet-weight",438,365,1.71,"Compound",0.190745986779981,0.747875354107649,0.0236071765816808,0.0377714825306893,470,0,0,0,"raw"
263,"Feng et al. 2017",106,323,"China","CHN","Grass carp (76%), bighead carp (5%), silver carp (8%), and crucian carp (12%)","","Cyprinidae","Ponds","Semi-intensive","1 tonne live wet-weight",438,365,1.71,"Compound",0.190745986779981,0.747875354107649,0.0236071765816808,0.0377714825306893,470,0,0,0,"raw"
NA,"Henriksson et al. 2009",1,410,"Philippines","PHL","Milkfish","Chanos chanos","Chanos chanos","Ponds","Semi-intensive","1 tonne live wet-weight",1176.470588,NA,1.825,"Compound",0.2,0.6,0.1,0.1,105.8823529,38.35294118,0,0,"raw"
NA,"Henriksson et al. 2009",1,411,"Philippines","PHL","Milkfish","Chanos chanos","Chanos chanos","Ponds","Semi-intensive","1 tonne live wet-weight",13333.33333,NA,0.375,"Compound",0.2,0.6,0.1,0.1,0,46.08,0,0,"raw"
NA,"Henriksson et al. 2009",1,412,"Philippines","PHL","Milkfish","Chanos chanos","Chanos chanos","Cages & pens","Intensive","1 tonne live wet-weight",12.22195062,NA,1.9,"Compound",0.2,0.6,0.1,0.1,0,4.866666667,0,0,"raw"
NA,"Newton and Little 2018",6,413,"Scotland",NA,"Atlantic salmon","Salmo salar","Salmo salar","Cages & pens","Intensive","1.0 t of head-on gutted (HOG) Atlantic salmon, boxed in ice at the primary processor gate",NA,8030,1.19,"Compound",0.249972602167821,0.249972602167821,0.499945204335642,0.000109591328716581,NA,NA,NA,NA,"raw"
NA,"Newton and Little 2018",6,414,"Scotland",NA,"Atlantic salmon","Salmo salar","Salmo salar","Cages & pens","Intensive","1.0 t of head-on gutted (HOG) Atlantic salmon, boxed in ice at the primary processor gate",NA,8030,1.19,"Compound",0.249972602167821,0.249972602167821,0.499945204335642,0.000109591328716581,NA,NA,NA,NA,"raw"
NA,"SFW (company data)",1,415,"Norway","NOR","Atlantic salmon","Salmo salar","Salmo salar","Cages & pens","Intensive","",NA,NA,1.31,"Assumed compound",0.000105293769617232,0.750092758797044,0.249696653663722,0.000105293769617232,NA,NA,NA,NA,"raw"
NA,"SFW (company data)",1,416,"Norway","NOR","Atlantic salmon","Salmo salar","Salmo salar","Cages & pens","Intensive","",NA,NA,1.31,"Assumed compound",0.000104977954629528,0.758840643464872,0.240949400625869,0.000104977954629528,NA,NA,NA,NA,"raw"
NA,"SFW (company data)",1,417,"Norway","NOR","Atlantic salmon","Salmo salar","Salmo salar","Cages & pens","Intensive","",NA,NA,1.31,"Assumed compound",0.000109123787946498,0.75035595140354,0.249425801020567,0.000109123787946498,NA,NA,NA,NA,"raw"
NA,"SFW (company data)",1,418,"Scotland",NA,"Atlantic salmon","Salmo salar","Salmo salar","Cages & pens","Intensive","",NA,NA,1.25,"Assumed compound",0.00010935107945137,0.489476260401371,0.510305037439727,0.00010935107945137,NA,NA,NA,NA,"raw"
NA,"SFW (company data)",1,419,"Chile","CHL","Atlantic salmon","Salmo salar","Salmo salar","Cages & pens","Intensive","",NA,NA,1.48,"Assumed compound",0.000106587622639211,0.649676937991382,0.213175245278422,0.137041229107557,NA,NA,NA,NA,"raw"
NA,"SFW (company data)",1,420,"Canada","CAN","Atlantic salmon","Salmo salar","Salmo salar","Cages & pens","Intensive","",NA,NA,1.25,"Assumed compound",0.000104988976157503,0.31996640352763,0.349963253858345,0.329965353637868,NA,NA,NA,NA,"raw"
NA,"SFW (company data)",1,421,"Canada","CAN","Atlantic salmon","Salmo salar","Salmo salar","Cages & pens","Intensive","",NA,NA,1.69,"Assumed compound",0.00011409261060192,0.3803087020064,0.163206762975318,0.45637044240768,NA,NA,NA,NA,"raw"
NA,"SFW (company data)",1,422,"Norway","NOR","Atlantic salmon","Salmo salar","Salmo salar","Cages & pens","Intensive","",NA,NA,1.12,"Assumed compound",0.000104977954629528,0.691254836484338,0.308535207606403,0.000104977954629528,NA,NA,NA,NA,"raw"
NA,"SFW (company data)",1,423,"Norway","NOR","Atlantic salmon","Salmo salar","Salmo salar","Cages & pens","Intensive","",NA,NA,1.12,"Assumed compound",0.000109419451652234,0.678192182240702,0.321588978855994,0.000109419451652234,NA,NA,NA,NA,"raw"
NA,"SFW (company data)",1,424,"Chile","CHL","Atlantic salmon","Salmo salar","Salmo salar","Cages & pens","Intensive","",NA,NA,1.74,"Assumed compound",0.000109294736677752,0.624541352444299,0.160923488479814,0.214425864339209,NA,NA,NA,NA,"raw"
NA,"SFW (company data)",1,425,"Chile","CHL","Atlantic salmon","Salmo salar","Salmo salar","Cages & pens","Intensive","",NA,NA,1.74,"Assumed compound",0.000109363038417673,0.622848542607319,0.162482228506257,0.214559865848006,NA,NA,NA,NA,"raw"
NA,"SFW (company data)",1,426,"Chile","CHL","Atlantic salmon","Salmo salar","Salmo salar","Cages & pens","Intensive","",NA,NA,1.33,"Assumed compound",0.000105020478993404,0.71613964723121,0.183735828486555,0.100019503803242,NA,NA,NA,NA,"raw"
NA,"SFW (company data)",1,427,"New Zealand","NZL","Chinook(=Spring=King) salmon","Oncorhynchus tshawytscha","Oncorhynchus tshawytscha","Cages & pens","Intensive","",NA,NA,1.75,"Assumed compound",0.000110050780574465,0.368932140592492,0.182369864951971,0.448587943674962,NA,NA,NA,NA,"raw"
NA,"SFW (company data)",1,428,"New Zealand","NZL","Chinook(=Spring=King) salmon","Oncorhynchus tshawytscha","Oncorhynchus tshawytscha","Cages & pens","Intensive","",NA,NA,1.4,"Assumed compound",0.000104988976157503,0.589938056504067,0.259972702866199,0.149984251653576,NA,NA,NA,NA,"raw"
NA,"SFW (company data)",1,429,"Chile","CHL","Coho(=Silver) salmon","Oncorhynchus kisutch","Oncorhynchus kisutch","Cages & pens","Intensive","",NA,NA,1.2,"Assumed compound",0.000105516503283573,0.64314821049035,0.221082197356058,0.135664075650308,NA,NA,NA,NA,"raw"
NA,"SFW (company data)",1,430,"Peru","PER","Nile tilapia","Oreochromis niloticus","Oreochromis niloticus","Recirculating and tanks","Intensive","",NA,NA,1.8,"Assumed compound",0.000105505370725776,0.894283618532772,0.105505370725776,0.000105505370725776,NA,NA,NA,NA,"raw"
NA,"SFW (company data)",1,431,"USA","USA","Yellowtail_Seriola_Almaco jack","Seriolarivoliana","Seriola rivoliana","Cages & pens","Intensive","",NA,NA,1.4,"Assumed compound",0.000106038113127518,0.459498490219246,0.540289433554499,0.000106038113127518,NA,NA,NA,NA,"raw"
NA,"SFW (company data)",1,432,"Canada","CAN","Arctic char","Salvelinus alpinus","Salvelinus alpinus","Recirculating and tanks","Intensive","",NA,NA,1.2,"Assumed compound",0.000104988976157503,0.50494698056704,0.329965353637868,0.164982676818934,NA,NA,NA,NA,"raw"
NA,"SFW (company data)",1,433,"USA","USA","Arctic char","Salvelinus alpinus","Salvelinus alpinus","Recirculating and tanks","Intensive","",NA,NA,1.2,"Assumed compound",0.000104988976157503,0.50494698056704,0.329965353637868,0.164982676818934,NA,NA,NA,NA,"raw"
NA,"SFW (company data)",1,434,"Canada","CAN","Sablefish","Anoplopoma fimbria","Anoplopoma fimbria","Cages & pens","Intensive","",NA,NA,1.4,"Assumed compound",0.000104977954629528,0.339928614990852,0.659861429099889,0.000104977954629528,NA,NA,NA,NA,"raw"
NA,"SFW (company data)",1,435,"USA","USA","Rainbow trout","Oncorhynchus mykiss","Oncorhynchus mykiss","Cages & pens","Intensive","",NA,NA,1.6,"Assumed compound",0.000104988976157503,0.499947505511921,0.249973752755961,0.249973752755961,NA,NA,NA,NA,"raw"
NA,"SFW (company data)",1,436,"Chile","CHL","Rainbow trout","Oncorhynchus mykiss","Oncorhynchus mykiss","Cages & pens","Intensive","",NA,NA,1.52,"Assumed compound",0.000110154110846508,0.814091333494193,0.185688358284114,0.000110154110846508,NA,NA,NA,NA,"raw"
NA,"SFW (company data)",1,437,"Vietnam","VNM","Barramundi","Lates calcarifer","Lates calcarifer","Cages & pens","Intensive","",NA,NA,1.35,"Assumed compound",0.000107131378780845,0.387713561302105,0.306089653659557,0.306089653659557,NA,NA,NA,NA,"raw"
NA,"Marin et al. 2019",61,438,"China","CHN","Gracilaria seaweed","Gracilaria spp","Gracilaria spp","On- and off-bottom","Extensive","1 tonne dry-weight",NA,NA,NA,"",NA,NA,NA,NA,0,87.97,0,0,"raw"
NA,"Marin et al. 2019",61,439,"China","CHN","Gracilaria seaweed","Gracilaria spp","Gracilaria spp","On- and off-bottom","Extensive","1 tonne dry-weight",NA,NA,NA,"",NA,NA,NA,NA,0,87.97,0,0,"raw"
NA,"Marin et al. 2019",61,440,"China","CHN","Gracilaria seaweed","Gracilaria spp","Gracilaria spp","On- and off-bottom","Extensive","1 tonne dry-weight",NA,NA,NA,"",NA,NA,NA,NA,0,87.97,0,0,"raw"
NA,"Marin et al. 2019",61,441,"China","CHN","Gracilaria seaweed","Gracilaria spp","Gracilaria spp","On- and off-bottom","Extensive","1 tonne dry-weight",NA,NA,NA,"",NA,NA,NA,NA,0,87.97,0,0,"raw"
NA,"Marin et al. 2019",61,442,"China","CHN","Gracilaria seaweed","Gracilaria spp","Gracilaria spp","On- and off-bottom","Extensive","1 tonne dry-weight",NA,NA,NA,"",NA,NA,NA,NA,0,87.97,0,0,"raw"
NA,"Marin et al. 2019",61,443,"China","CHN","Gracilaria seaweed","Gracilaria spp","Gracilaria spp","On- and off-bottom","Extensive","1 tonne dry-weight",NA,NA,NA,"",NA,NA,NA,NA,0,87.97,0,0,"raw"
NA,"Marin et al. 2019",61,444,"China","CHN","Gracilaria seaweed","Gracilaria spp","Gracilaria spp","On- and off-bottom","Extensive","1 tonne dry-weight",NA,NA,NA,"",NA,NA,NA,NA,0,87.97,0,0,"raw"
NA,"Marin et al. 2019",61,445,"China","CHN","Gracilaria seaweed","Gracilaria spp","Gracilaria spp","On- and off-bottom","Extensive","1 tonne dry-weight",NA,NA,NA,"",NA,NA,NA,NA,0,87.97,0,0,"raw"
NA,"Marin et al. 2019",39,446,"China","CHN","Porphyra seaweed","Porphyra spp","Porphyra spp","On- and off-bottom","Extensive","2 tonne dry-weight",NA,NA,NA,"",NA,NA,NA,NA,0.0611,100.934,0,0,"raw"
NA,"Marin et al. 2019",39,447,"China","CHN","Porphyra seaweed","Porphyra spp","Porphyra spp","On- and off-bottom","Extensive","2 tonne dry-weight",NA,NA,NA,"",NA,NA,NA,NA,0.0611,100.934,0,0,"raw"
NA,"Marin et al. 2019",39,448,"China","CHN","Porphyra seaweed","Porphyra spp","Porphyra spp","On- and off-bottom","Extensive","2 tonne dry-weight",NA,NA,NA,"",NA,NA,NA,NA,0.0611,100.934,0,0,"raw"
NA,"Marin et al. 2019",39,449,"China","CHN","Porphyra seaweed","Porphyra spp","Porphyra spp","On- and off-bottom","Extensive","2 tonne dry-weight",NA,NA,NA,"",NA,NA,NA,NA,0.0611,100.934,0,0,"raw"
NA,"Marin et al. 2019",39,450,"China","CHN","Porphyra seaweed","Porphyra spp","Porphyra spp","On- and off-bottom","Extensive","2 tonne dry-weight",NA,NA,NA,"",NA,NA,NA,NA,0.0611,100.934,0,0,"raw"
NA,"Marin et al. 2019",39,451,"China","CHN","Porphyra seaweed","Porphyra spp","Porphyra spp","On- and off-bottom","Extensive","2 tonne dry-weight",NA,NA,NA,"",NA,NA,NA,NA,0.0611,100.934,0,0,"raw"
NA,"Henriksson et al. (unpubl. Data)",23,387,"India","IND",NA,NA,"Cyprinidae","Ponds","Semi-intensive",NA,1348.98212076522,NA,0.307703419826087,NA,0.0502678251460906,0.925360783977718,0.00768575194296557,0.0166856389332253,0.134388334869565,12.8837721314348,0,0,"aggregated"
NA,"Zhang & Newton (unpubl. Data)",27,324,"China","CHN",NA,NA,"Ctenopharyngodon idella","Ponds","Semi-intensive",NA,948.9451469,NA,1.693909228,NA,0.183783137241831,0.810294707195947,0.00227775222477752,0.00364440333744403,220.7803973,0,0,0,"aggregated"
NA,"Zhang & Newton (unpubl. Data)",21,331,"China","CHN",NA,NA,"Cyprinidae","Ponds","Semi-intensive",NA,1348.06078220476,NA,1.73915687433333,NA,0.137652839738611,0.80843193559231,0.0191242801889443,0.0347909444801347,353.396151933333,0,0,0,"aggregated"
NA,"Zhang & Newton (unpubl. Data)",1,333,"China","CHN",NA,NA,"Ctenopharyngodon idella","Ponds","Extensive",NA,2421.818182,NA,5.454545455,NA,0.000104966935415344,0.999685099193754,0.000104966935415344,0.000104966935415344,909.0909091,0,0,0,"aggregated"
NA,"Zhang & Newton (unpubl. Data)",5,339,"China","CHN",NA,NA,"Carassius carassius","Ponds","Semi-intensive",NA,566.01154966,NA,1.2392334768,NA,0.2096,0.6989,0.0745,0.017,239.5463915,0,0,0,"aggregated"
NA,"Zhang & Newton (unpubl. Data)",1,362,"China","CHN",NA,NA,"Cyprinidae","Ponds","Extensive",NA,1402.105263,NA,0,NA,NA,NA,NA,NA,315.7894737,0,0,0,"aggregated"
NA,"Zhang & Newton (unpubl. Data)",8,379,"China","CHN",NA,NA,"Hypophthalmichthys molitrix","Ponds","Imp. extensive",NA,2199.077987875,NA,0.904833941625,NA,0.104673569373001,0.893703137706707,0.000636646460145927,0.000986646460145927,295.6041623375,0,0,0,"aggregated"
